date,close,sma50,sma150,sma200,sma200_slope,low_52w,high_52w,return_52w
2020-12-17,2095.0,,,,,,,
2020-12-18,2088.0,,,,,,,
2020-12-21,2074.0,,,,,,,
2020-12-22,2045.0,,,,,,,
2020-12-23,2040.0,,,,,,,
2020-12-24,2051.0,,,,,,,
2020-12-25,2073.0,,,,,,,
2020-12-28,2060.0,,,,,,,
2020-12-29,2127.0,,,,,,,
2020-12-30,2094.0,,,,,,,
2021-01-04,2084.0,,,,,,,
2021-01-05,2075.0,,,,,,,
2021-01-06,2078.0,,,,,,,
2021-01-07,2100.0,,,,,,,
2021-01-08,2144.0,,,,,,,
2021-01-12,2158.0,,,,,,,
2021-01-13,2191.0,,,,,,,
2021-01-14,2187.0,,,,,,,
2021-01-15,2136.0,,,,,,,
2021-01-18,2123.0,,,,,,,
2021-01-19,2120.0,,,,,,,
2021-01-20,2086.0,,,,,,,
2021-01-21,2164.0,,,,,,,
2021-01-22,2168.0,,,,,,,
2021-01-25,2162.0,,,,,,,
2021-01-26,2134.0,,,,,,,
2021-01-27,2151.0,,,,,,,
2021-01-28,2148.0,,,,,,,
2021-01-29,2093.0,,,,,,,
2021-02-01,1997.0,,,,,,,
2021-02-02,2041.0,,,,,,,
2021-02-03,2135.0,,,,,,,
2021-02-04,2154.0,,,,,,,
2021-02-05,2186.0,,,,,,,
2021-02-08,2170.0,,,,,,,
2021-02-09,2427.0,,,,,,,
2021-02-10,2445.0,,,,,,,
2021-02-12,2516.0,,,,,,,
2021-02-15,2529.0,,,,,,,
2021-02-16,2562.0,,,,,,,
2021-02-17,2545.0,,,,,,,
2021-02-18,2483.0,,,,,,,
2021-02-19,2480.0,,,,,,,
2021-02-22,2476.0,,,,,,,
2021-02-24,2471.0,,,,,,,
2021-02-25,2504.0,,,,,,,
2021-02-26,2433.0,,,,,,,
2021-03-01,2487.0,,,,,,,
2021-03-02,2415.0,,,,,,,
2021-03-03,2427.0,2222.64,,,,,,
2021-03-04,2463.0,2230.0,,,,,,
2021-03-05,2502.0,2238.28,,,,,,
2021-03-08,2499.0,2246.78,,,,,,
2021-03-09,2557.0,2257.02,,,,,,
2021-03-10,2628.0,2268.78,,,,,,
2021-03-11,2677.0,2281.3,,,,,,
2021-03-12,2701.0,2293.86,,,,,,
2021-03-15,2750.0,2307.66,,,,,,
2021-03-16,2698.0,2319.08,,,,,,
2021-03-17,2668.0,2330.56,,,,,,
2021-03-18,2697.0,2342.82,,,,,,
2021-03-19,2700.0,2355.32,,,,,,
2021-03-22,2701.0,2367.78,,,,,,
2021-03-23,2640.0,2378.58,,,,,,
2021-03-24,2591.0,2387.52,,,,,,
2021-03-25,2637.0,2397.1,,,,,,
2021-03-26,2647.0,2406.22,,,,,,
2021-03-29,2678.0,2416.04,,,,,,
2021-03-30,2658.0,2426.48,,,,,,
2021-03-31,2664.0,2437.3,,,,,,
2021-04-01,2722.0,2449.34,,,,,,
2021-04-02,2738.0,2462.38,,,,,,
2021-04-05,2721.0,2473.52,,,,,,
2021-04-06,2667.0,2483.5,,,,,,
2021-04-07,2688.0,2494.02,,,,,,
2021-04-08,2634.0,2504.02,,,,,,
2021-04-09,2614.0,2513.28,,,,,,
2021-04-12,2625.0,2522.82,,,,,,
2021-04-13,2656.0,2534.08,,,,,,
2021-04-14,2646.0,2547.06,,,,,,
2021-04-15,2651.0,2559.26,,,,,,
2021-04-16,2678.0,2570.12,,,,,,
2021-04-19,2567.0,2578.38,,,,,,
2021-04-20,2509.0,2584.84,,,,,,
2021-04-21,2501.0,2591.46,,,,,,
2021-04-22,2556.0,2594.04,,,,,,
2021-04-23,2621.0,2597.56,,,,,,
2021-04-26,2671.0,2600.66,,,,,,
2021-04-27,2603.0,2602.14,,,,,,
2021-04-28,2600.0,2602.9,,,,,,
2021-04-30,2833.0,2608.66,,,,,,
2021-05-06,2795.0,2614.9,,,,,,
2021-05-07,2853.0,2622.36,,,,,,
2021-05-10,2871.0,2630.26,,,,,,
2021-05-11,2823.0,2637.3,,,,,,
2021-05-12,2818.0,2643.58,,,,,,
2021-05-13,2764.0,2650.2,,,,,,
2021-05-14,2789.0,2656.24,,,,,,
2021-05-17,2808.0,2664.1,,,,,,
2021-05-18,2827.0,2672.1,,,,,,
2021-05-19,2879.0,2680.42,,,,,,
2021-05-20,2867.0,2687.72,,,,,,
2021-05-21,2861.0,2694.96,,,,,,
2021-05-24,2862.0,2701.06,,,,,,
2021-05-25,2850.0,2705.5,,,,,,
2021-05-26,2878.0,2709.52,,,,,,
2021-05-27,2883.0,2713.16,,,,,,
2021-05-28,2872.0,2715.6,,,,,,
2021-05-31,2848.0,2718.6,,,,,,
2021-06-01,2835.0,2721.94,,,,,,
2021-06-02,2866.0,2725.32,,,,,,
2021-06-03,2903.0,2729.38,,,,,,
2021-06-04,2917.0,2733.7,,,,,,
2021-06-07,2914.0,2739.18,,,,,,
2021-06-08,2969.0,2746.74,,,,,,
2021-06-09,2979.0,2753.58,,,,,,
2021-06-10,2982.0,2760.28,,,,,,
2021-06-11,2997.0,2766.66,,,,,,
2021-06-14,3020.0,2773.9,,,,,,
2021-06-15,3045.0,2781.52,,,,,,
2021-06-16,3095.0,2788.98,,,,,,
2021-06-17,3095.0,2796.12,,,,,,
2021-06-18,2970.0,2801.1,,,,,,
2021-06-21,2903.0,2805.82,,,,,,
2021-06-22,2993.0,2811.92,,,,,,
2021-06-23,2940.0,2818.04,,,,,,
2021-06-24,2915.0,2824.06,,,,,,
2021-06-25,2995.0,2831.46,,,,,,
2021-06-28,2973.0,2837.8,,,,,,
2021-06-29,2932.0,2843.52,,,,,,
2021-06-30,2934.0,2849.18,,,,,,
2021-07-01,2945.0,2854.52,,,,,,
2021-07-02,2972.0,2862.62,,,,,,
2021-07-05,2904.0,2870.52,,,,,,
2021-07-06,2837.0,2877.24,,,,,,
2021-07-07,2823.0,2882.58,,,,,,
2021-07-08,2795.0,2886.06,,,,,,
2021-07-09,2815.0,2888.94,,,,,,
2021-07-12,2878.0,2894.44,,,,,,
2021-07-13,2902.0,2900.48,,,,,,
2021-07-14,2936.0,2902.54,,,,,,
2021-07-15,2918.0,2905.0,,,,,,
2021-07-16,2907.0,2906.08,,,,,,
2021-07-19,2823.0,2905.12,,,,,,
2021-07-20,2793.0,2904.52,,,,,,
2021-07-21,2823.0,2904.62,,,,,,
2021-07-26,2898.0,2907.3,,,,,,
2021-07-27,2850.0,2908.52,,,,,,
2021-07-28,2752.0,2907.4,,,,,,
2021-07-29,2747.0,2905.8,2600.18,,,,,
2021-07-30,2614.0,2900.5,2603.64,,,,,
2021-08-02,2643.0,2896.02,2607.34,,,,,
2021-08-03,2660.0,2892.0,2611.2466666666664,,,,,
2021-08-04,2644.0,2887.64,2615.24,,,,,
2021-08-05,2657.0,2883.78,2619.3533333333335,,,,,
2021-08-06,2630.0,2878.82,2623.213333333333,,,,,
2021-08-10,2700.0,2875.16,2627.3933333333334,,,,,
2021-08-11,2678.0,2871.28,2631.5133333333333,,,,,
2021-08-12,2644.0,2867.2,2634.96,,,,,
2021-08-13,2646.0,2863.42,2638.64,,,,,
2021-08-16,2559.0,2857.28,2641.806666666667,,,,,
2021-08-17,2494.0,2849.1,2644.6,,,,,
2021-08-18,2483.0,2840.42,2647.3,,,,,
2021-08-19,2376.0,2829.66,2649.14,,,,,
2021-08-20,2338.0,2817.04,2650.4333333333334,,,,,
2021-08-23,2374.0,2804.94,2651.8733333333334,,,,,
2021-08-24,2370.0,2792.7,2653.0666666666666,,,,,
2021-08-25,2377.0,2780.3,2654.3333333333335,,,,,
2021-08-26,2350.0,2766.9,2655.76,,,,,
2021-08-27,2370.0,2753.4,2657.4066666666668,,,,,
2021-08-30,2420.0,2739.9,2659.4066666666668,,,,,
2021-08-31,2404.0,2726.08,2661.5266666666666,,,,,
2021-09-01,2431.0,2715.3,2663.306666666667,,,,,
2021-09-02,2434.0,2705.92,2665.08,,,,,
2021-09-03,2500.0,2696.06,2667.3333333333335,,,,,
2021-09-06,2494.0,2687.14,2669.733333333333,,,,,
2021-09-07,2615.0,2681.14,2672.826666666667,,,,,
2021-09-08,2660.0,2674.44,2676.24,,,,,
2021-09-09,2595.0,2666.88,2679.5866666666666,,,,,
2021-09-10,2689.0,2662.02,2684.2,,,,,
2021-09-13,2700.0,2657.34,2688.5933333333332,,,,,
2021-09-14,2683.0,2652.1,2692.2466666666664,,,,,
2021-09-15,2636.0,2645.38,2695.46,,,,,
2021-09-16,2626.0,2639.82,2698.3933333333334,,,,,
2021-09-17,2633.0,2635.74,2701.48,,,,,
2021-09-21,2590.0,2631.08,2702.5666666666666,,,,,
2021-09-22,2582.0,2626.82,2703.48,,,,,
2021-09-24,2606.0,2622.64,2704.08,,,,,
2021-09-27,2567.0,2616.42,2704.3333333333335,,,,,
2021-09-28,2546.0,2609.3,2704.2266666666665,,,,,
2021-09-29,2533.0,2601.24,2704.1466666666665,,,,,
2021-09-30,2578.0,2594.44,2704.78,,,,,
2021-10-01,2528.0,2586.86,2705.1,,,,,
2021-10-04,2503.0,2580.46,2705.28,,,,,
2021-10-05,2507.0,2574.74,2705.52,,,,,
2021-10-06,2494.0,2568.16,2705.4533333333334,,,,,
2021-10-07,2527.0,2560.74,2706.08,,,,,
2021-10-08,2547.0,2554.68,2706.48,,,,,
2021-10-11,2571.0,2551.06,2707.52,,,,,
2021-10-12,2462.0,2545.36,2707.7533333333336,2586.475,,,,
2021-10-13,2448.0,2542.04,2707.653333333333,2588.24,,,,
2021-10-14,2525.0,2539.68,2707.806666666667,2590.425,,,,
2021-10-15,2545.0,2537.38,2708.1133333333332,2592.78,,,,
2021-10-18,2506.0,2534.62,2707.7733333333335,2595.085,,,,
2021-10-19,2539.0,2532.26,2707.18,2597.58,,,,
2021-10-20,2543.0,2530.52,2706.286666666667,2600.04,,,,
2021-10-21,2484.0,2526.2,2704.84,2602.095,,,,
2021-10-22,2490.0,2522.44,2703.1066666666666,2604.245,,,,
2021-10-25,2478.0,2519.12,2701.64,2606.0,,,,
2021-10-26,2492.0,2516.04,2700.4666666666667,2607.99,,,,
2021-10-27,2459.0,2514.04,2698.88,2609.865,,,,
2021-10-28,2461.0,2513.38,2697.286666666667,2611.795,,,,
2021-10-29,2430.0,2512.32,2695.48,2613.555,,,,
2021-11-01,2550.0,2515.8,2694.88,2615.805,,,,
2021-11-02,2378.0,2516.6,2693.46,2616.975,,,,
2021-11-04,2338.0,2515.88,2691.4666666666667,2617.875,,,,
2021-11-05,2356.0,2515.6,2689.5266666666666,2618.7,,,,
2021-11-08,2364.0,2515.34,2687.4333333333334,2619.585,,,,
2021-11-09,2293.0,2514.2,2685.0,2620.37,,,,
2021-11-10,2265.0,2512.1,2682.34,2621.08,34.60500000000002,,,
2021-11-11,2299.0,2509.68,2679.52,2621.975,33.73500000000013,,,
2021-11-12,2290.0,2507.4,2676.5333333333333,2622.995,32.56999999999971,,,
2021-11-15,2255.0,2503.88,2673.4266666666667,2623.45,30.669999999999618,,,
2021-11-16,2252.0,2500.24,2670.66,2623.87,28.784999999999854,,,
2021-11-17,2230.0,2494.84,2667.6066666666666,2624.21,26.63000000000011,,,
2021-11-18,2221.0,2489.38,2664.8533333333335,2624.645,24.605000000000018,,,
2021-11-19,2175.0,2480.58,2661.9266666666667,2624.765,22.670000000000073,,,
2021-11-22,2188.0,2471.14,2659.0133333333333,2624.965,20.720000000000255,,,
2021-11-24,2143.0,2462.1,2655.5933333333332,2625.215,19.215000000000146,,,
2021-11-25,2141.0,2451.14,2652.2266666666665,2625.935,17.945000000000164,,,
2021-11-26,2131.0,2439.76,2648.76,2626.385,16.520000000000437,,,
2021-11-29,2064.0,2427.38,2644.6666666666665,2626.03,14.235000000000127,,,
2021-11-30,2022.0,2415.1,2641.0333333333333,2625.37,11.815000000000055,,,
2021-12-01,1986.0,2402.3,2637.5466666666666,2624.37,8.565000000000055,,,
2021-12-02,1972.0,2389.08,2634.02,2623.38,6.4050000000002,,,
2021-12-03,2048.0,2378.24,2630.633333333333,2621.485,3.6100000000001273,,,
2021-12-06,2040.0,2367.4,2626.76,2619.46,0.7600000000002183,,,
2021-12-07,2134.0,2357.96,2623.18,2617.55,-2.0349999999998545,,,
2021-12-08,2121.0,2349.04,2619.9666666666667,2615.51,-4.859999999999673,,,
2021-12-09,2115.0,2340.42,2616.733333333333,2613.275,-7.804999999999836,,,
2021-12-10,2105.0,2331.86,2611.88,2611.075,-10.900000000000091,,,
2021-12-13,2085.0,2322.0,2607.1466666666665,2609.085,-13.909999999999854,,,
2021-12-14,2061.0,2312.66,2601.866666666667,2606.99,-16.460000000000036,,,
2021-12-15,2036.0,2303.32,2596.3,2604.79,-19.079999999999927,,,
2021-12-16,2037.0,2293.92,2591.06,2602.62,-21.590000000000146,,,
2021-12-17,1998.0,2284.0,2585.5933333333332,2600.09,-24.554999999999836,,,
2021-12-20,1994.0,2273.34,2580.46,2597.895,-26.86999999999989,,,
2021-12-21,1996.0,2262.32,2575.173333333333,2595.44,-29.52500000000009,,,
2021-12-22,1997.0,2250.84,2569.766666666667,2593.35,-31.865000000000236,,,
2021-12-23,1960.0,2240.8,2563.9866666666667,2591.015,-34.92000000000007,,,
2021-12-24,1985.0,2231.54,2558.0266666666666,2588.625,-37.76000000000022,,,
2021-12-27,1966.0,2220.36,2552.02,2585.945,-40.085000000000036,1960.0,3095.0,
2021-12-28,2011.0,2209.68,2546.3533333333335,2583.505,-41.86499999999978,1960.0,3095.0,-0.040095465393794716
2021-12-29,1956.0,2198.68,2540.3133333333335,2580.5,-43.86999999999989,1956.0,3095.0,-0.06321839080459768
2021-12-30,1917.0,2186.24,2534.0933333333332,2576.945,-46.434999999999945,1917.0,3095.0,-0.07569913211186119
2022-01-04,1944.0,2174.26,2527.866666666667,2573.28,-48.20499999999993,1917.0,3095.0,-0.04938875305623469
2022-01-05,1921.0,2163.0,2521.4533333333334,2569.38,-50.07999999999993,1917.0,3095.0,-0.05833333333333335
2022-01-06,1903.0,2151.26,2514.9933333333333,2565.145,-52.4050000000002,1903.0,3095.0,-0.07215992198927357
2022-01-07,1866.0,2139.02,2508.4466666666667,2560.985,-54.52500000000009,1866.0,3095.0,-0.09985528219971052
2022-01-11,1794.0,2125.06,2501.5066666666667,2556.615,-56.66000000000031,1794.0,3095.0,-0.12912621359223297
2022-01-12,1832.0,2112.52,2494.6133333333332,2552.29,-58.784999999999854,1794.0,3095.0,-0.1386929948283968
2022-01-13,1806.0,2099.42,2487.3,2547.82,-61.26499999999987,1794.0,3095.0,-0.13753581661891112
2022-01-14,1742.0,2085.66,2479.4666666666667,2543.025,-63.96499999999969,1742.0,3095.0,-0.16410748560460653
2022-01-17,1736.0,2069.38,2471.6133333333332,2538.505,-66.28499999999985,1736.0,3095.0,-0.16337349397590362
2022-01-18,1774.0,2057.3,2463.6466666666665,2534.42,-68.19999999999982,1736.0,3095.0,-0.14629451395572668
2022-01-19,1739.0,2045.32,2455.38,2529.93,-70.16000000000031,1736.0,3095.0,-0.1719047619047619
2022-01-20,1745.0,2033.1,2447.133333333333,2525.42,-72.47499999999991,1736.0,3095.0,-0.1861007462686567
2022-01-21,1741.0,2020.64,2438.76,2520.735,-74.70499999999993,1736.0,3095.0,-0.19323447636700652
2022-01-24,1769.0,2010.16,2430.42,2516.29,-77.05999999999995,1736.0,3095.0,-0.19260611592879961
2022-01-25,1773.0,2000.32,2421.94,2511.835,-79.17999999999984,1736.0,3095.0,-0.18930041152263377
2022-01-26,1798.0,1990.3,2413.2933333333335,2507.215,-81.40999999999985,1736.0,3095.0,-0.15823970037453183
2022-01-27,1710.0,1978.7,2404.06,2502.075,-83.87000000000035,1710.0,3095.0,-0.1945360339142722
2022-01-28,1707.0,1967.74,2395.64,2497.005,-86.5,1707.0,3095.0,-0.19481132075471697
2022-01-31,1699.0,1956.68,2387.6133333333332,2492.165,-88.33500000000004,1699.0,3095.0,-0.18552253116011508
2022-02-01,1720.0,1946.48,2379.1266666666666,2487.325,-89.62000000000035,1699.0,3095.0,-0.20517560073937158
2022-02-02,1759.0,1937.24,2371.2533333333336,2482.95,-90.33000000000038,1699.0,3095.0,-0.18865313653136528
2022-02-03,1730.0,1928.34,2363.3533333333335,2478.53,-90.84999999999991,1699.0,3095.0,-0.19981498612395932
2022-02-04,1779.0,1920.16,2355.2466666666664,2474.3,-90.8449999999998,1699.0,3095.0,-0.16635426429240863
2022-02-07,1734.0,1911.98,2346.9866666666667,2469.69,-91.29500000000007,1699.0,3095.0,-0.19386331938633194
2022-02-08,1756.0,1904.28,2339.1466666666665,2465.24,-91.375,1699.0,3095.0,-0.18249534450651772
2022-02-09,1797.0,1897.6,2331.5666666666666,2460.97,-91.32000000000016,1699.0,3095.0,-0.14142379359770663
2022-02-10,1861.0,1893.54,2324.34,2456.885,-90.93499999999995,1699.0,3095.0,-0.06810215322984481
2022-02-14,1841.0,1889.92,2316.8,2453.255,-89.76999999999998,1699.0,3095.0,-0.0979911807937286
2022-02-15,1748.0,1885.16,2309.0933333333332,2449.45,-89.05500000000029,1699.0,3095.0,-0.18126463700234197
2022-02-16,1825.0,1882.22,2302.346666666667,2446.07,-88.34999999999991,1699.0,3095.0,-0.1527390900649953
2022-02-17,1834.0,1877.94,2295.7533333333336,2442.46,-87.4699999999998,1699.0,3095.0,-0.16102470265324798
2022-02-18,1840.0,1873.94,2289.3866666666668,2438.555,-86.86500000000024,1699.0,3095.0,-0.15207373271889402
2022-02-21,1862.0,1868.5,2283.0333333333333,2434.51,-86.22499999999991,1699.0,3095.0,-0.23279769262463945
2022-02-22,1792.0,1861.92,2275.7933333333335,2430.455,-85.83500000000004,1699.0,3095.0,-0.26707566462167687
2022-02-24,1788.0,1855.38,2268.366666666667,2426.395,-85.44000000000005,1699.0,3095.0,-0.28934817170111293
2022-02-25,1788.0,1849.04,2260.713333333333,2421.17,-86.04500000000007,1699.0,3095.0,-0.29300118623962035
2022-02-28,1796.0,1843.26,2253.233333333333,2416.175,-85.89999999999964,1699.0,3095.0,-0.29898516783762685
2022-03-01,1793.0,1837.9,2245.806666666667,2410.875,-86.13000000000011,1699.0,3095.0,-0.29548133595284876
2022-03-02,1732.0,1831.82,2238.5333333333333,2405.18,-86.98500000000013,1699.0,3095.0,-0.3024567055980668
2022-03-03,1762.0,1826.32,2231.66,2399.875,-87.44999999999982,1699.0,3095.0,-0.2895161290322581
2022-03-04,1717.0,1820.7,2224.286666666667,2394.37,-88.57999999999993,1699.0,3095.0,-0.30654281098546043
2022-03-07,1663.0,1814.08,2216.0533333333333,2388.865,-89.66500000000042,1663.0,3095.0,-0.3269931201942533
2022-03-08,1603.0,1806.22,2207.74,2382.935,-91.36500000000024,1603.0,3095.0,-0.35982428115015974
2022-03-09,1612.0,1798.52,2200.14,2376.955,-92.73500000000013,1603.0,3095.0,-0.3374434854089602
2022-03-10,1683.0,1792.98,2193.0466666666666,2371.235,-94.00499999999965,1603.0,3095.0,-0.32328106151990355
2022-03-11,1648.0,1786.24,2186.6066666666666,2365.08,-95.88999999999987,1603.0,3095.0,-0.31759834368530016
2022-03-14,1567.0,1778.26,2179.4333333333334,2358.58,-98.30500000000029,1567.0,3095.0,-0.35434693036670784
2022-03-15,1577.0,1769.58,2172.213333333333,2352.16,-101.09500000000025,1567.0,3095.0,-0.35972391392610636
2022-03-16,1610.0,1762.66,2165.32,2345.9,-103.54999999999973,1567.0,3095.0,-0.35651478816946447
2022-03-17,1692.0,1758.16,2158.8866666666668,2340.11,-105.96000000000004,1567.0,3095.0,-0.3229291716686674
2022-03-18,1645.0,1752.18,2152.32,2333.945,-108.51499999999987,1567.0,3095.0,-0.35666797027766917
2022-03-22,1657.0,1746.9,2145.366666666667,2327.815,-110.73999999999978,1567.0,3095.0,-0.369482496194825
2022-03-23,1668.0,1742.2,2138.633333333333,2321.795,-112.71500000000015,1567.0,3095.0,-0.37691445648113564
2022-03-24,1638.0,1737.64,2131.9266666666667,2315.745,-114.71000000000004,1567.0,3095.0,-0.39355794150314694
2022-03-25,1616.0,1734.08,2125.06,2309.65,-116.74499999999989,1567.0,3095.0,-0.4123636363636364
2022-03-28,1616.0,1729.76,2118.7733333333335,2303.4,-117.76999999999998,1567.0,3095.0,-0.40103780578206083
2022-03-29,1616.0,1725.96,2112.92,2296.965,-119.21000000000004,1567.0,3095.0,-0.3943028485757122
2022-03-30,1640.0,1723.92,2107.3,2290.58,-120.29500000000007,1567.0,3095.0,-0.39191694475342975
2022-03-31,1599.0,1721.18,2102.12,2284.005,-121.17499999999973,1567.0,3095.0,-0.4077777777777778
2022-04-01,1588.0,1717.46,2097.12,2277.1,-122.77500000000009,1567.0,3095.0,-0.4120696038504258
2022-04-04,1636.0,1715.4,2092.2,2270.385,-123.98499999999967,1567.0,3095.0,-0.38030303030303025
2022-04-05,1653.0,1713.56,2087.42,2263.74,-125.125,1567.0,3095.0,-0.3620223851794674
2022-04-06,1598.0,1710.7,2082.2266666666665,2256.745,-126.19000000000005,1567.0,3095.0,-0.3940083428138036
2022-04-07,1547.0,1706.26,2076.8733333333334,2249.38,-127.57499999999982,1547.0,3095.0,-0.415564790328674
2022-04-08,1550.0,1701.8,2071.4066666666668,2241.905,-129.32999999999993,1547.0,3095.0,-0.421209858103062
2022-04-11,1505.0,1695.94,2065.306666666667,2233.955,-131.125,1505.0,3095.0,-0.43378480060195634
2022-04-12,1509.0,1691.92,2059.34,2226.025,-132.55499999999984,1505.0,3095.0,-0.4335585585585585
2022-04-13,1532.0,1688.42,2053.346666666667,2218.835,-133.32499999999982,1505.0,3095.0,-0.4371785451873622
2022-04-14,1530.0,1685.04,2047.32,2211.97,-133.9300000000003,1505.0,3095.0,-0.4411979547114683
2022-04-15,1485.0,1680.34,2040.5533333333333,2204.43,-135.6800000000003,1485.0,3095.0,-0.454244762954796
2022-04-18,1482.0,1674.8,2033.8066666666666,2197.14,-136.8050000000003,1482.0,3095.0,-0.44431946006749157
2022-04-19,1475.0,1669.7,2026.2066666666667,2189.94,-137.875,1475.0,3095.0,-0.45126488095238093
2022-04-20,1509.0,1664.3,2018.5333333333333,2182.51,-139.28499999999985,1475.0,3095.0,-0.4271070615034168
2022-04-21,1529.0,1660.2,2011.4266666666667,2175.29,-140.45499999999993,1475.0,3095.0,-0.41507268553940324
2022-04-22,1518.0,1655.44,2003.62,2168.22,-141.4300000000003,1475.0,3095.0,-0.4217142857142857
2022-04-25,1494.0,1649.38,1995.58,2161.02,-142.3800000000001,1475.0,3095.0,-0.4375
2022-04-26,1512.0,1642.4,1987.7733333333333,2153.855,-143.11000000000013,1475.0,3095.0,-0.4285714285714286
2022-04-27,1477.0,1635.12,1980.0466666666666,2146.38,-144.19999999999982,1475.0,3095.0,-0.4428517540550736
2022-04-28,1506.0,1630.28,1972.58,2139.39,-144.61500000000024,1475.0,3095.0,-0.4376400298730396
2022-05-02,1530.0,1624.38,1965.2266666666667,2132.855,-144.2449999999999,1475.0,3095.0,-0.4039735099337748
2022-05-06,1479.0,1617.28,1957.82,2126.135,-144.25,1475.0,3095.0,-0.4105221203666799
2022-05-09,1456.0,1609.6,1950.3133333333333,2119.44,-144.29999999999973,1456.0,3095.0,-0.4178328668532587
2022-05-10,1539.0,1603.14,1943.2,2113.06,-143.68499999999995,1456.0,3095.0,-0.397887323943662
2022-05-11,1505.0,1597.4,1936.12,2106.195,-143.18499999999995,1456.0,3095.0,-0.42579168256390687
2022-05-12,1466.0,1590.96,1928.92,2099.015,-142.89000000000033,1456.0,3095.0,-0.45114189442156494
2022-05-13,1489.0,1584.98,1921.96,2091.78,-142.17499999999973,1456.0,3095.0,-0.42796772954283524
2022-05-16,1498.0,1579.02,1914.76,2084.68,-141.34500000000025,1456.0,3095.0,-0.4238461538461539
2022-05-17,1475.0,1572.66,1907.74,2077.52,-141.31500000000005,1456.0,3095.0,-0.4793505118249206
2022-05-18,1494.0,1567.9,1901.0133333333333,2070.875,-141.0949999999998,1456.0,3095.0,-0.465474060822898
2022-05-19,1465.0,1561.96,1894.0666666666666,2064.235,-140.1949999999997,1456.0,3095.0,-0.48650543287767267
2022-05-20,1475.0,1557.12,1887.2733333333333,2057.495,-139.64499999999998,1456.0,3095.0,-0.486241727621038
2022-05-23,1544.0,1554.74,1880.72,2050.725,-139.21500000000015,1456.0,3095.0,-0.453064116188452
2022-05-24,1515.0,1552.98,1873.84,2044.05,-138.46000000000026,1456.0,3095.0,-0.4623846699787083
2022-05-25,1497.0,1550.68,1866.68,2037.775,-137.51499999999987,1456.0,3095.0,-0.4583936324167872
2022-05-26,1530.0,1547.62,1860.4666666666667,2031.69,-136.52999999999975,1456.0,3095.0,-0.4514162782359269
2022-05-27,1569.0,1546.04,1854.6066666666666,2026.465,-134.55500000000006,1456.0,3095.0,-0.4412393162393162
2022-05-30,1591.0,1546.52,1848.38,2021.205,-132.6500000000001,1456.0,3095.0,-0.4372125928546162
2022-05-31,1578.0,1546.54,1841.9333333333334,2015.795,-130.58500000000004,1456.0,3095.0,-0.45189301840916984
2022-06-01,1646.0,1547.26,1836.2,2010.805,-128.5849999999998,1456.0,3095.0,-0.42588071154516915
2022-06-02,1605.0,1545.52,1829.9733333333334,2005.545,-127.30999999999995,1456.0,3095.0,-0.4390073400908773
2022-06-03,1594.0,1544.5,1823.6466666666668,2000.365,-125.77000000000021,1456.0,3095.0,-0.44304682040531096
2022-06-06,1580.0,1542.96,1817.62,1994.765,-124.67499999999995,1456.0,3095.0,-0.44561403508771935
2022-06-07,1604.0,1541.68,1811.7133333333334,1989.395,-123.66499999999996,1456.0,3095.0,-0.44266851980542044
2022-06-08,1618.0,1541.28,1805.98,1984.265,-121.93000000000006,1456.0,3095.0,-0.4387790496011099
2022-06-09,1606.0,1541.08,1800.0733333333333,1979.065,-119.94999999999982,1456.0,3095.0,-0.44080779944289694
2022-06-10,1587.0,1540.5,1794.26,1974.205,-117.57500000000027,1456.0,3095.0,-0.4427668539325843
2022-06-13,1586.0,1539.9,1788.4266666666667,1969.665,-115.01499999999987,1456.0,3095.0,-0.4405643738977072
2022-06-14,1536.0,1537.82,1782.4666666666667,1964.93,-112.58999999999992,1456.0,3095.0,-0.4640614096301465
2022-06-15,1512.0,1536.08,1775.5466666666666,1960.61,-110.2650000000001,1456.0,3095.0,-0.47915949018256976
2022-06-16,1486.0,1534.04,1769.6,1956.35,-107.88500000000022,1456.0,3095.0,-0.49057250599931435
2022-06-17,1504.0,1531.4,1764.04,1952.0,-105.49499999999989,1456.0,3095.0,-0.4838709677419355
2022-06-20,1494.0,1528.22,1758.2933333333333,1947.62,-103.10500000000002,1456.0,3095.0,-0.49680026945099365
2022-06-21,1527.0,1526.8,1752.7133333333334,1943.37,-100.68000000000006,1456.0,3095.0,-0.4874118831822759
2022-06-22,1554.0,1526.94,1747.7866666666666,1939.39,-98.38499999999999,1456.0,3095.0,-0.47887323943661975
2022-06-23,1604.0,1528.02,1743.38,1935.56,-96.13000000000011,1456.0,3095.0,-0.4647981314647981
2022-06-24,1638.0,1530.68,1738.9733333333334,1931.65,-94.81499999999983,1456.0,3095.0,-0.4576158940397351
2022-06-27,1657.0,1533.64,1734.7533333333333,1927.915,-93.28999999999996,1456.0,3095.0,-0.4558292282430213
2022-06-28,1657.0,1536.14,1730.7666666666667,1924.045,-91.75,1456.0,3095.0,-0.4646203554119548
2022-06-29,1653.0,1538.6,1726.7733333333333,1920.14,-90.66499999999996,1456.0,2995.0,-0.46591276252019387
2022-06-30,1671.0,1542.32,1723.0466666666666,1915.995,-89.55000000000018,1456.0,2995.0,-0.4373737373737374
2022-07-01,1597.0,1544.62,1718.8866666666668,1911.51,-88.85500000000002,1456.0,2995.0,-0.4498794350671719
2022-07-04,1622.0,1547.56,1715.2,1906.545,-88.22000000000003,1456.0,2995.0,-0.4580688272636151
2022-07-05,1595.0,1549.28,1711.2466666666667,1901.22,-88.17499999999995,1456.0,2995.0,-0.4574829931972789
2022-07-06,1635.0,1551.4,1707.86,1896.42,-87.84500000000003,1456.0,2995.0,-0.4391080617495712
2022-07-07,1666.0,1554.36,1704.6933333333334,1891.305,-87.75999999999999,1456.0,2973.0,-0.4437395659432387
2022-07-08,1634.0,1557.16,1701.38,1885.975,-88.23000000000002,1456.0,2972.0,-0.45038681466532127
2022-07-11,1656.0,1560.04,1698.66,1880.84,-88.82500000000005,1456.0,2972.0,-0.4351978171896317
2022-07-12,1625.0,1563.0,1696.0133333333333,1875.785,-89.14499999999998,1456.0,2972.0,-0.4461486025903204
2022-07-13,1619.0,1565.26,1693.5666666666666,1870.75,-89.8599999999999,1456.0,2972.0,-0.45025466893039046
2022-07-14,1616.0,1566.98,1691.1933333333334,1865.665,-90.68499999999995,1456.0,2936.0,-0.45625841184387617
2022-07-15,1627.0,1569.94,1688.3866666666668,1860.85,-91.15000000000009,1456.0,2936.0,-0.4397382920110193
2022-07-19,1603.0,1572.88,1685.4733333333334,1855.955,-91.66499999999996,1456.0,2936.0,-0.4349665139231582
2022-07-20,1659.0,1575.28,1682.3066666666666,1851.22,-92.14999999999986,1456.0,2936.0,-0.4123273113708821
2022-07-21,1656.0,1578.3,1679.2066666666667,1846.665,-92.72500000000014,1456.0,2936.0,-0.4075134168157424
2022-07-22,1663.0,1582.24,1676.1933333333334,1842.25,-93.30999999999995,1456.0,2936.0,-0.4092362344582593
2022-07-25,1641.0,1585.28,1673.1,1837.79,-93.86000000000013,1456.0,2936.0,-0.4298123697011814
2022-07-26,1638.0,1588.08,1670.12,1833.09,-94.82500000000005,1456.0,2936.0,-0.4355616815988973
2022-07-27,1627.0,1591.12,1667.2266666666667,1828.585,-95.46000000000004,1456.0,2918.0,-0.4458446866485014
2022-07-28,1630.0,1593.84,1664.52,1824.22,-95.92000000000007,1456.0,2907.0,-0.4413982179575051
2022-07-29,1624.0,1597.02,1661.7666666666667,1819.805,-96.18999999999983,1456.0,2898.0,-0.44134846921224635
2022-08-01,1553.0,1598.58,1658.8,1815.1,-96.41000000000008,1456.0,2898.0,-0.4498760184201205
2022-08-02,1536.0,1598.42,1655.7466666666667,1810.145,-96.40000000000009,1456.0,2898.0,-0.45005370569280345
2022-08-03,1537.0,1598.86,1652.6866666666667,1805.095,-96.125,1456.0,2898.0,-0.45554374778604323
2022-08-04,1575.0,1600.42,1649.8733333333332,1800.115,-96.30500000000006,1456.0,2850.0,-0.4565217391304348
2022-08-05,1582.0,1601.46,1647.3533333333332,1795.715,-95.59000000000015,1456.0,2752.0,-0.44491228070175437
2022-08-08,1550.0,1601.08,1644.4533333333334,1791.225,-94.75,1456.0,2747.0,-0.43677325581395354
2022-08-09,1555.0,1600.36,1641.7133333333334,1786.375,-94.46499999999992,1456.0,2700.0,-0.4339279213687659
2022-08-10,1573.0,1600.26,1638.7933333333333,1781.515,-94.26999999999998,1456.0,2700.0,-0.39824024483550113
2022-08-12,1565.0,1598.64,1636.1866666666667,1776.81,-93.94000000000005,1456.0,2700.0,-0.40786984487325006
2022-08-15,1596.0,1598.46,1634.0466666666666,1772.095,-93.56999999999994,1456.0,2700.0,-0.4
2022-08-16,1591.0,1598.4,1631.6933333333334,1767.335,-93.51499999999987,1456.0,2700.0,-0.3982602118003026
2022-08-17,1594.0,1598.68,1629.5133333333333,1762.885,-93.06999999999994,1456.0,2700.0,-0.40007527286413247
2022-08-18,1572.0,1598.04,1627.3066666666666,1758.295,-92.92499999999995,1456.0,2700.0,-0.40228136882129273
2022-08-19,1560.0,1596.88,1625.2666666666667,1753.705,-92.96000000000004,1456.0,2700.0,-0.4222222222222223
2022-08-22,1540.0,1595.56,1623.5733333333333,1748.945,-93.30500000000006,1456.0,2700.0,-0.42494398805078415
2022-08-23,1579.0,1595.4,1621.8866666666668,1744.545,-93.24499999999989,1456.0,2700.0,-0.4027987897125568
2022-08-24,1566.0,1595.0,1620.2866666666666,1740.07,-93.01999999999998,1456.0,2700.0,-0.40816326530612246
2022-08-25,1587.0,1596.02,1619.2533333333333,1735.855,-92.73000000000002,1456.0,2700.0,-0.37983587338804226
2022-08-26,1574.0,1597.26,1618.1733333333334,1730.975,-93.24500000000012,1456.0,2700.0,-0.3688853247794708
2022-08-29,1557.0,1598.68,1616.7266666666667,1726.87,-92.93500000000017,1456.0,2700.0,-0.37293596455900124
2022-08-30,1551.0,1599.62,1615.4733333333334,1722.935,-92.16499999999996,1456.0,2700.0,-0.3472222222222222
2022-08-31,1548.0,1600.7,1614.16,1718.895,-91.25,1456.0,2700.0,-0.3378956372968349
2022-09-01,1525.0,1600.66,1612.72,1714.7,-90.39499999999998,1456.0,2700.0,-0.3576242628475147
2022-09-02,1518.0,1599.94,1611.0466666666666,1710.825,-89.28999999999996,1456.0,2700.0,-0.359493670886076
2022-09-05,1512.0,1598.1,1609.3066666666666,1707.06,-88.65499999999997,1456.0,2700.0,-0.363904080774085
2022-09-06,1503.0,1595.4,1607.34,1703.08,-88.14499999999998,1456.0,2700.0,-0.36042553191489357
2022-09-07,1486.0,1591.98,1605.8466666666666,1699.06,-87.31500000000005,1456.0,2700.0,-0.37299578059071725
2022-09-08,1528.0,1589.4,1604.6533333333334,1695.425,-86.09000000000015,1456.0,2700.0,-0.368595041322314
2022-09-09,1528.0,1586.9,1603.5133333333333,1691.805,-85.00499999999988,1456.0,2700.0,-0.3643926788685524
2022-09-12,1566.0,1584.8,1602.4866666666667,1688.485,-83.61000000000013,1456.0,2700.0,-0.355820649938297
2022-09-13,1609.0,1585.04,1601.4866666666667,1685.425,-81.91000000000008,1456.0,2700.0,-0.3389482333607231
2022-09-14,1586.0,1584.32,1600.5266666666666,1682.48,-80.40499999999997,1456.0,2700.0,-0.36560000000000004
2022-09-15,1609.0,1584.6,1599.3933333333334,1679.585,-78.71000000000004,1456.0,2700.0,-0.3548516439454691
2022-09-16,1638.0,1584.66,1598.7533333333333,1677.06,-76.64499999999998,1456.0,2700.0,-0.3736137667304015
2022-09-20,1625.0,1583.84,1597.88,1674.48,-74.46499999999992,1456.0,2700.0,-0.3890977443609023
2022-09-21,1590.0,1582.96,1596.5,1671.775,-72.76999999999998,1456.0,2700.0,-0.3872832369942196
2022-09-22,1579.0,1581.42,1594.62,1669.35,-70.72000000000003,1456.0,2700.0,-0.4127928597991819
2022-09-26,1581.0,1580.54,1592.8866666666668,1667.145,-68.71000000000004,1456.0,2683.0,-0.4144444444444444
2022-09-27,1609.0,1580.34,1591.96,1665.26,-65.71499999999992,1456.0,2636.0,-0.40029817368617215
2022-09-28,1598.0,1579.98,1590.4466666666667,1663.39,-63.47999999999979,1456.0,2633.0,-0.3937784522003035
2022-09-29,1627.0,1579.98,1589.0666666666666,1661.285,-61.649999999999864,1456.0,2633.0,-0.38042650418888047
2022-09-30,1635.0,1580.62,1587.7,1659.26,-59.63499999999999,1456.0,2606.0,-0.37903532092669956
2022-10-03,1604.0,1579.52,1585.98,1656.61,-58.090000000000146,1456.0,2606.0,-0.38069498069498064
2022-10-04,1664.0,1579.68,1585.1266666666668,1654.325,-56.5,1456.0,2606.0,-0.3555383423702556
2022-10-05,1659.0,1579.6,1584.2666666666667,1652.045,-55.01499999999987,1456.0,2578.0,-0.3633921719109747
2022-10-06,1640.0,1579.58,1583.28,1649.72,-53.3599999999999,1456.0,2578.0,-0.3611219322165953
2022-10-07,1631.0,1579.44,1582.18,1647.45,-51.6099999999999,1456.0,2578.0,-0.35938727415553806
2022-10-11,1625.0,1579.4,1581.06,1645.27,-50.15499999999997,1456.0,2578.0,-0.35846821950256613
2022-10-12,1665.0,1580.1,1580.6133333333332,1643.415,-48.3900000000001,1456.0,2571.0,-0.35415050426687356
2022-10-13,1665.0,1580.92,1579.9666666666667,1641.555,-46.929999999999836,1456.0,2571.0,-0.341376582278481
2022-10-14,1687.0,1583.6,1579.7666666666667,1640.0,-45.424999999999955,1456.0,2571.0,-0.32600878945265677
2022-10-17,1665.0,1586.18,1579.78,1638.355,-44.125,1456.0,2571.0,-0.3358595931392102
2022-10-18,1668.0,1588.8,1580.2133333333334,1636.715,-42.87000000000012,1456.0,2571.0,-0.3311948676824379
2022-10-19,1662.0,1590.54,1580.5466666666666,1635.04,-42.01999999999998,1456.0,2571.0,-0.3423031262366443
2022-10-20,1657.0,1592.04,1580.3733333333332,1633.525,-40.95499999999993,1456.0,2571.0,-0.34943070278759325
2022-10-21,1622.0,1593.48,1580.2,1631.71,-40.065000000000055,1456.0,2550.0,-0.3691170750680669
2022-10-24,1631.0,1595.0,1580.6266666666668,1630.035,-39.31499999999983,1456.0,2550.0,-0.33753046303818035
2022-10-25,1609.0,1595.72,1580.84,1628.025,-39.11999999999989,1456.0,2550.0,-0.34272875816993464
2022-10-26,1652.0,1597.46,1581.12,1626.505,-38.75499999999988,1456.0,2550.0,-0.3457425742574257
2022-10-27,1630.0,1598.14,1580.7066666666667,1625.07,-38.320000000000164,1456.0,2550.0,-0.3595284872298625
2022-10-28,1632.0,1598.96,1580.62,1623.51,-37.77500000000009,1456.0,2550.0,-0.3487629688747007
2022-10-31,1645.0,1599.98,1580.54,1622.13,-37.12999999999988,1456.0,2550.0,-0.3521071287908626
2022-11-01,1654.0,1601.62,1580.4466666666667,1620.885,-35.72499999999991,1456.0,2550.0,-0.34958710184821074
2022-11-02,1643.0,1603.28,1580.48,1619.77,-34.555000000000064,1456.0,2550.0,-0.33856682769726243
2022-11-04,1636.0,1605.2,1580.6133333333332,1618.98,-33.065000000000055,1456.0,2550.0,-0.3429718875502008
2022-11-07,1650.0,1606.62,1580.84,1618.07,-31.65000000000009,1456.0,2550.0,-0.33414043583535114
2022-11-08,1654.0,1608.38,1581.0933333333332,1617.31,-30.1400000000001,1456.0,2550.0,-0.3362760834670947
2022-11-09,1650.0,1609.64,1581.16,1616.85,-28.420000000000073,1456.0,2550.0,-0.3289955266368443
2022-11-10,1633.0,1610.82,1581.3866666666668,1616.335,-27.079999999999927,1456.0,2550.0,-0.33644859813084116
2022-11-11,1675.0,1613.18,1581.9666666666667,1615.84,-25.715000000000146,1456.0,2550.0,-0.31069958847736623
2022-11-14,1757.0,1617.3,1582.7733333333333,1615.93,-24.069999999999936,1456.0,2378.0,-0.3109803921568628
2022-11-15,1739.0,1621.12,1583.3466666666666,1615.9,-22.454999999999927,1456.0,2364.0,-0.26871320437342305
2022-11-16,1767.0,1625.96,1584.4733333333334,1616.03,-20.684999999999945,1456.0,2364.0,-0.24422583404619336
2022-11-17,1783.0,1631.26,1586.0466666666666,1616.1,-18.940000000000055,1456.0,2364.0,-0.24320882852292025
2022-11-18,1792.0,1636.86,1587.66,1616.195,-17.330000000000155,1456.0,2299.0,-0.2419627749576988
2022-11-21,1779.0,1642.38,1589.4866666666667,1616.1,-15.610000000000127,1456.0,2299.0,-0.22416048844308767
2022-11-22,1783.0,1648.32,1591.3133333333333,1616.465,-13.570000000000164,1456.0,2299.0,-0.21280353200883007
2022-11-24,1817.0,1654.1,1593.2133333333334,1617.015,-11.009999999999991,1456.0,2290.0,-0.20965637233579815
2022-11-25,1817.0,1659.88,1595.1266666666668,1617.605,-8.900000000000091,1456.0,2255.0,-0.20655021834061138
2022-11-28,1807.0,1664.7,1597.2733333333333,1618.04,-7.029999999999973,1456.0,2252.0,-0.19866962305986702
2022-11-29,1812.0,1668.76,1599.4733333333334,1618.305,-5.204999999999927,1456.0,2230.0,-0.19538188277087032
2022-11-30,1786.0,1672.76,1601.5466666666666,1618.585,-3.5450000000000728,1456.0,2221.0,-0.1991031390134529
2022-12-01,1814.0,1676.86,1603.58,1618.76,-2.125,1456.0,2188.0,-0.18325078793336336
2022-12-02,1815.0,1680.4,1605.4866666666667,1619.165,-0.6050000000000182,1456.0,2188.0,-0.16551724137931034
2022-12-05,1838.0,1684.66,1607.62,1619.575,0.5950000000000273,1456.0,2143.0,-0.15996343692870196
2022-12-06,1823.0,1689.32,1609.8133333333333,1619.705,1.634999999999991,1456.0,2141.0,-0.14932337844143728
2022-12-07,1859.0,1694.92,1612.1266666666668,1619.695,2.384999999999991,1456.0,2134.0,-0.1317141522652966
2022-12-08,1847.0,1700.24,1614.5933333333332,1619.725,2.875,1456.0,2134.0,-0.13327076489910838
2022-12-09,1886.0,1705.78,1617.1266666666668,1620.415,4.079999999999927,1456.0,2134.0,-0.08624031007751942
2022-12-12,1881.0,1711.44,1619.4666666666667,1620.695,4.855000000000018,1456.0,2134.0,-0.06973293768545996
2022-12-13,1858.0,1716.06,1621.9933333333333,1620.815,4.884999999999991,1456.0,2134.0,-0.06445115810674729
2022-12-14,1862.0,1720.6,1624.7,1620.925,5.024999999999864,1456.0,2134.0,-0.055780933062880345
2022-12-15,1847.0,1725.46,1626.7533333333333,1620.85,4.819999999999936,1456.0,2134.0,-0.09814453125
2022-12-16,1837.0,1728.92,1628.9666666666667,1621.075,4.975000000000136,1456.0,2134.0,-0.09950980392156861
2022-12-19,1845.0,1732.64,1631.4933333333333,1621.36,5.164999999999964,1456.0,2121.0,-0.13542642924086223
2022-12-20,1817.0,1736.18,1633.68,1621.505,5.4050000000002,1456.0,2115.0,-0.14332861857614332
2022-12-21,1825.0,1740.06,1635.86,1621.65,5.185000000000173,1456.0,2105.0,-0.1371158392434988
2022-12-22,1840.0,1744.36,1638.2933333333333,1621.885,4.869999999999891,1456.0,2085.0,-0.12589073634204273
2022-12-23,1838.0,1747.82,1640.5866666666666,1622.415,4.809999999999945,1456.0,2061.0,-0.11846522781774582
2022-12-26,1832.0,1751.16,1643.0333333333333,1622.765,4.725000000000136,1456.0,2037.0,-0.11111111111111116
2022-12-27,1892.0,1755.26,1645.8133333333333,1623.64,5.335000000000036,1456.0,2037.0,-0.07072691552062871
2022-12-28,1898.0,1759.92,1648.1733333333334,1624.815,6.230000000000018,1456.0,2011.0,-0.06823760432007853
2022-12-29,1860.0,1763.76,1650.4733333333334,1626.1,7.339999999999918,1456.0,2011.0,-0.06906906906906907
2022-12-30,1860.0,1767.72,1652.8933333333334,1627.34,8.174999999999955,1456.0,2011.0,-0.06720160481444337
2023-01-04,1832.0,1771.22,1654.9066666666668,1628.085,8.509999999999991,1456.0,2011.0,-0.0821643286573146
2023-01-05,1847.0,1775.72,1656.76,1629.08,9.375,1456.0,2011.0,-0.07511266900350522
2023-01-06,1838.0,1779.86,1658.4066666666668,1630.435,10.740000000000009,1456.0,2011.0,-0.06224489795918364
2023-01-10,1839.0,1784.46,1660.1466666666668,1631.745,12.019999999999982,1456.0,2011.0,-0.07355163727959702
2023-01-11,1781.0,1787.04,1661.0466666666666,1632.6,12.184999999999945,1456.0,2011.0,-0.09409969481180058
2023-01-12,1733.0,1789.1,1661.9,1632.805,12.110000000000127,1456.0,1956.0,-0.13823968175037293
2023-01-13,1722.0,1790.9,1662.7533333333333,1633.19,12.375,1456.0,1944.0,-0.11963190184049077
2023-01-16,1716.0,1792.32,1663.66,1633.485,12.559999999999945,1456.0,1944.0,-0.10485133020344284
2023-01-17,1703.0,1793.3,1664.32,1633.66,12.810000000000173,1456.0,1921.0,-0.12397119341563789
2023-01-18,1733.0,1795.1,1665.0866666666666,1634.135,13.059999999999945,1456.0,1903.0,-0.09786569495054664
2023-01-19,1758.0,1797.54,1666.1,1634.845,13.485000000000127,1456.0,1898.0,-0.07619548081975824
2023-01-20,1768.0,1799.9,1667.3066666666666,1635.605,14.099999999999909,1456.0,1898.0,-0.052518756698821
2023-01-23,1780.0,1802.42,1668.6,1636.425,14.774999999999864,1456.0,1898.0,-0.0078037904124860225
2023-01-24,1777.0,1804.96,1670.2066666666667,1637.11,15.224999999999909,1456.0,1898.0,-0.030021834061135344
2023-01-25,1789.0,1808.08,1672.0533333333333,1638.06,15.644999999999982,1456.0,1898.0,-0.009413067552602405
2023-01-26,1790.0,1810.38,1674.08,1639.07,16.304999999999836,1456.0,1898.0,0.027554535017221493
2023-01-27,1817.0,1811.58,1676.1666666666667,1639.975,16.33499999999981,1456.0,1898.0,0.046658986175115214
2023-01-30,1864.0,1814.08,1678.6333333333334,1641.03,16.214999999999918,1456.0,1898.0,0.050732807215332576
2023-01-31,1867.0,1816.08,1680.9,1642.375,16.27500000000009,1456.0,1898.0,0.07360552041403112
2023-02-01,1839.0,1817.2,1682.8,1643.835,16.49500000000012,1456.0,1898.0,0.0538681948424069
2023-02-02,1821.0,1817.78,1684.2466666666667,1645.19,17.105000000000018,1456.0,1898.0,0.045950603101665655
2023-02-03,1783.0,1817.86,1685.2133333333334,1646.58,17.5,1456.0,1898.0,0.007914075749010818
2023-02-06,1777.0,1817.74,1686.0133333333333,1647.92,17.485000000000127,1456.0,1898.0,0.002256063169768785
2023-02-07,1798.0,1817.36,1686.9533333333334,1649.25,17.50500000000011,1456.0,1898.0,0.0
2023-02-08,1790.0,1816.82,1687.8666666666666,1650.55,17.950000000000045,1456.0,1898.0,0.04678362573099415
2023-02-09,1787.0,1816.42,1688.64,1652.06,19.25499999999988,1456.0,1898.0,0.04686584651435277
2023-02-10,1791.0,1816.0,1689.9333333333334,1653.605,20.414999999999964,1456.0,1898.0,0.05414949970570926
2023-02-13,1756.0,1815.4,1690.8266666666666,1655.01,21.52500000000009,1456.0,1898.0,0.020930232558139528
2023-02-14,1765.0,1814.42,1691.96,1656.29,22.62999999999988,1456.0,1898.0,0.0034110289937463456
2023-02-15,1786.0,1813.84,1692.9666666666667,1657.575,23.440000000000055,1456.0,1898.0,0.032369942196531776
2023-02-16,1803.0,1813.14,1693.88,1659.0,24.154999999999973,1456.0,1898.0,0.013490725126475533
2023-02-17,1757.0,1811.82,1694.7,1660.315,24.710000000000036,1456.0,1898.0,0.013264129181084217
2023-02-20,1760.0,1809.84,1695.3933333333334,1661.555,25.13000000000011,1456.0,1898.0,0.002277904328018332
2023-02-21,1737.0,1807.64,1696.14,1662.855,25.74500000000012,1456.0,1898.0,-0.03338898163606008
2023-02-22,1716.0,1804.24,1696.7866666666666,1663.905,25.845000000000027,1456.0,1898.0,-0.07791509940891994
2023-02-24,1720.0,1801.02,1697.48,1664.855,25.785000000000082,1456.0,1898.0,-0.06572514937533946
2023-02-27,1725.0,1798.36,1698.1333333333334,1666.085,26.110000000000127,1456.0,1898.0,-0.013157894736842146
2023-02-28,1736.0,1795.84,1699.02,1667.485,26.454999999999927,1456.0,1898.0,-0.04876712328767119
2023-03-01,1713.0,1793.16,1699.38,1668.355,25.980000000000018,1456.0,1898.0,-0.06597600872410037
2023-03-02,1729.0,1791.0,1699.8666666666666,1669.475,25.639999999999873,1456.0,1898.0,-0.06032608695652175
2023-03-03,1755.0,1789.2,1700.48,1670.92,25.730000000000018,1456.0,1898.0,-0.057465091299677806
2023-03-06,1736.0,1787.58,1701.1133333333332,1672.155,25.575000000000045,1456.0,1898.0,-0.03125
2023-03-07,1710.0,1785.28,1701.5933333333332,1673.215,25.294999999999845,1456.0,1898.0,-0.043624161073825496
2023-03-08,1734.0,1783.16,1702.3066666666666,1674.51,25.25999999999999,1456.0,1898.0,-0.030201342281879207
2023-03-09,1742.0,1781.24,1703.0533333333333,1675.75,25.200000000000045,1456.0,1898.0,-0.030066815144766168
2023-03-10,1711.0,1778.82,1703.6333333333334,1676.98,24.920000000000073,1456.0,1898.0,-0.04573340769659784
2023-03-13,1690.0,1774.78,1704.5466666666666,1678.055,24.450000000000045,1456.0,1898.0,-0.024249422632794504
2023-03-14,1646.0,1769.74,1705.28,1678.565,23.555000000000064,1456.0,1898.0,-0.06583427922814988
2023-03-15,1642.0,1765.38,1705.98,1679.2,22.910000000000082,1456.0,1898.0,-0.043680838672102484
2023-03-16,1650.0,1761.18,1706.48,1679.965,22.389999999999873,1456.0,1898.0,-0.007817197835237488
2023-03-17,1669.0,1757.92,1707.06,1680.66,21.660000000000082,1456.0,1898.0,0.04117280099812848
2023-03-20,1625.0,1753.48,1707.56,1680.94,20.625,1456.0,1898.0,0.008064516129032251
2023-03-22,1680.0,1750.32,1708.3933333333334,1681.385,19.829999999999927,1456.0,1898.0,-0.0017825311942959443
2023-03-23,1702.0,1747.58,1709.2533333333333,1682.005,19.15000000000009,1456.0,1898.0,0.03276699029126218
2023-03-24,1704.0,1746.04,1710.18,1682.295,18.3900000000001,1456.0,1898.0,0.08742820676451823
2023-03-27,1709.0,1745.56,1710.9333333333334,1682.815,17.960000000000036,1456.0,1898.0,0.08370323398858592
2023-03-28,1709.0,1745.3,1711.72,1683.39,17.305000000000064,1456.0,1898.0,0.06149068322981366
2023-03-29,1736.0,1745.7,1712.6666666666667,1684.17,16.685000000000173,1456.0,1898.0,0.026004728132387633
2023-03-30,1725.0,1746.14,1713.6866666666667,1684.775,16.420000000000073,1456.0,1898.0,0.04863221884498481
2023-03-31,1722.0,1745.92,1714.7666666666667,1685.295,15.820000000000164,1456.0,1898.0,0.0392275196137597
2023-04-03,1735.0,1745.46,1716.0666666666666,1685.94,15.019999999999982,1456.0,1898.0,0.040167865707434025
2023-04-04,1770.0,1745.5,1717.34,1686.855,14.700000000000045,1456.0,1898.0,0.08058608058608052
2023-04-05,1754.0,1744.98,1718.5933333333332,1687.695,14.480000000000018,1456.0,1898.0,0.08539603960396036
2023-04-06,1755.0,1744.54,1719.7133333333334,1688.79,14.279999999999973,1456.0,1898.0,0.08601485148514842
2023-04-07,1757.0,1743.9,1720.9333333333334,1690.015,14.2650000000001,1456.0,1898.0,0.08725247524752477
2023-04-10,1770.0,1743.5,1722.3533333333332,1691.435,14.454999999999927,1456.0,1898.0,0.0792682926829269
2023-04-11,1772.0,1742.6,1723.8266666666666,1692.775,14.720000000000027,1456.0,1898.0,0.10819262038774236
2023-04-12,1768.0,1740.68,1725.2933333333333,1694.145,15.579999999999927,1456.0,1898.0,0.11335012594458438
2023-04-13,1780.0,1738.94,1726.9933333333333,1695.41,16.210000000000036,1456.0,1898.0,0.08801955990220045
2023-04-14,1813.0,1738.42,1728.96,1696.705,16.74000000000001,1456.0,1898.0,0.0967937084089534
2023-04-17,1803.0,1738.06,1730.9,1697.7,17.039999999999964,1456.0,1898.0,0.12828535669586993
2023-04-18,1832.0,1739.04,1733.0933333333332,1698.67,17.730000000000018,1456.0,1898.0,0.18422753716871365
2023-04-19,1823.0,1739.96,1735.34,1699.5,18.11500000000001,1456.0,1898.0,0.17612903225806442
2023-04-20,1822.0,1740.44,1737.3,1700.325,18.319999999999936,1456.0,1898.0,0.2106312292358803
2023-04-21,1824.0,1741.12,1739.2733333333333,1701.18,18.88499999999999,1456.0,1898.0,0.20874751491053667
2023-04-24,1836.0,1742.1,1741.0733333333333,1702.005,19.190000000000055,1456.0,1898.0,0.19843342036553535
2023-04-25,1829.0,1742.86,1742.54,1703.165,19.774999999999864,1456.0,1898.0,0.19542483660130716
2023-04-26,1830.0,1744.34,1744.1666666666667,1704.205,20.034999999999854,1456.0,1898.0,0.23232323232323226
2023-04-27,1842.0,1745.88,1745.72,1705.44,20.664999999999964,1456.0,1898.0,0.2429149797570851
2023-04-28,1888.0,1747.92,1747.3866666666668,1706.705,21.409999999999854,1456.0,1898.0,0.28
2023-05-01,2077.0,1753.4,1750.4,1708.76,22.819999999999936,1456.0,2077.0,0.37640821736249164
2023-05-02,2107.0,1760.4,1753.8466666666666,1711.125,24.269999999999982,1456.0,2107.0,0.37802485284499676
2023-05-08,2076.0,1766.72,1757.16,1713.225,25.529999999999973,1456.0,2107.0,0.3675889328063242
2023-05-09,2122.0,1774.42,1760.7666666666667,1715.71,26.920000000000073,1456.0,2122.0,0.42034805890227567
2023-05-10,2078.0,1781.66,1763.8933333333334,1718.005,27.99000000000001,1456.0,2122.0,0.3743386243386244
2023-05-11,2044.0,1788.14,1766.8666666666666,1720.145,28.710000000000036,1456.0,2122.0,0.3838862559241707
2023-05-12,2036.0,1794.36,1769.5933333333332,1722.19,29.414999999999964,1456.0,2122.0,0.35192563081009287
2023-05-15,2065.0,1800.94,1772.46,1724.5,30.355000000000018,1456.0,2122.0,0.3496732026143792
2023-05-16,2113.0,1808.94,1775.8533333333332,1726.77,31.3599999999999,1456.0,2122.0,0.4286680189317107
2023-05-17,2097.0,1816.3,1778.74,1728.975,32.26999999999998,1465.0,2122.0,0.44024725274725274
2023-05-18,2086.0,1822.92,1781.5866666666666,1731.09,33.38999999999987,1465.0,2122.0,0.35542560103963616
2023-05-19,2064.0,1829.48,1784.4133333333334,1733.205,34.534999999999854,1465.0,2122.0,0.37142857142857144
2023-05-22,2076.0,1836.8,1787.38,1735.395,35.89499999999998,1465.0,2122.0,0.4160982264665758
2023-05-23,2072.0,1843.56,1790.36,1737.62,37.294999999999845,1465.0,2122.0,0.3915379449294829
2023-05-24,2024.0,1849.2,1792.7533333333333,1739.59,38.409999999999854,1465.0,2122.0,0.35113484646194926
2023-05-25,1983.0,1854.64,1794.8733333333332,1741.385,39.37999999999988,1465.0,2122.0,0.34440677966101685
2023-05-26,1989.0,1860.62,1796.8866666666668,1743.565,40.40000000000009,1465.0,2122.0,0.3313253012048192
2023-05-29,1958.0,1866.86,1798.84,1745.675,41.47000000000003,1475.0,2122.0,0.336518771331058
2023-05-30,1943.0,1872.88,1800.6733333333334,1747.705,42.26499999999987,1486.0,2122.0,0.31728813559322044
2023-05-31,1889.0,1877.66,1802.1866666666667,1749.275,42.570000000000164,1486.0,2122.0,0.22344559585492219
2023-06-01,1913.0,1882.54,1803.8933333333334,1750.93,42.17000000000007,1486.0,2122.0,0.26270627062706264
2023-06-02,1945.0,1888.94,1806.0466666666666,1752.905,41.77999999999997,1486.0,2122.0,0.29926519706078825
2023-06-05,1957.0,1894.48,1808.22,1754.915,41.690000000000055,1486.0,2122.0,0.27908496732026133
2023-06-06,1956.5,1899.57,1810.5366666666666,1756.8325,41.122499999999945,1486.0,2122.0,0.2469725940089229
2023-06-07,1983.0,1905.15,1812.7433333333333,1758.9225,40.91749999999979,1486.0,2122.0,0.24638592080452537
2023-06-08,2005.0,1911.07,1815.2433333333333,1760.9675,40.82249999999999,1486.0,2122.0,0.270595690747782
2023-06-09,2049.0,1917.87,1818.0233333333333,1763.2575,41.06749999999988,1486.0,2122.0,0.24483596597812873
2023-06-12,2084.5,1924.84,1820.9533333333334,1765.71,41.210000000000036,1486.0,2122.0,0.29875389408099684
2023-06-13,2082.5,1931.99,1823.81,1768.2625,41.492500000000064,1486.0,2122.0,0.3064617314930991
2023-06-14,2115.0,1939.85,1826.9566666666667,1771.0375,42.0625,1486.0,2122.0,0.3386075949367089
2023-06-15,2125.5,1947.66,1830.22,1773.965,42.875,1486.0,2125.5,0.32512468827930174
2023-06-16,2152.5,1955.31,1833.57,1776.8325,43.627500000000055,1486.0,2152.5,0.3303461063040791
2023-06-19,2160.5,1963.44,1836.9466666666667,1779.805,44.41000000000008,1486.0,2160.5,0.3452677459526774
2023-06-20,2143.0,1971.2,1840.2333333333333,1782.585,44.965000000000146,1486.0,2160.5,0.3503465658475111
2023-06-21,2126.0,1978.58,1843.52,1785.345,45.75500000000011,1486.0,2160.5,0.3404791929382094
2023-06-22,2088.0,1984.94,1846.2733333333333,1788.0,46.61500000000001,1486.0,2160.5,0.359375
2023-06-23,2086.0,1991.22,1848.4666666666667,1790.675,47.1099999999999,1486.0,2160.5,0.37962962962962954
2023-06-26,2089.5,1997.65,1850.8033333333333,1793.3825,47.70749999999998,1486.0,2160.5,0.4061238223418573
2023-06-27,2079.0,2003.63,1852.8833333333334,1796.1525,48.44749999999999,1486.0,2160.5,0.38231382978723394
2023-06-28,2127.0,2009.91,1855.1766666666667,1799.1975,49.9224999999999,1486.0,2160.5,0.4236947791164658
2023-06-29,2102.0,2015.89,1857.2433333333333,1802.1475,51.21749999999997,1486.0,2160.5,0.3765553372626065
2023-06-30,2095.0,2021.15,1859.35,1805.1075,52.2025000000001,1486.0,2160.5,0.34813384813384807
2023-07-03,2118.5,2027.06,1861.5866666666666,1808.27,53.35500000000002,1486.0,2160.5,0.3207605985037407
2023-07-04,2135.0,2033.32,1863.7066666666667,1811.305,54.47250000000008,1486.0,2160.5,0.30341880341880345
2023-07-05,2160.5,2040.05,1865.9966666666667,1814.4675,55.54500000000007,1486.0,2160.5,0.30386240193120106
2023-07-06,2148.5,2046.3,1868.2733333333333,1817.38,56.412500000000136,1486.0,2160.5,0.29662039831019915
2023-07-07,2128.0,2052.28,1870.38,1819.975,56.71749999999997,1486.0,2160.5,0.28735632183908044
2023-07-10,2123.0,2058.14,1872.6266666666668,1822.66,56.950000000000045,1486.0,2160.5,0.2704967085577499
2023-07-11,2123.5,2063.77,1874.69,1825.2325,56.97000000000003,1486.0,2160.5,0.3296806512210395
2023-07-12,2113.5,2068.28,1876.68,1827.61,56.57249999999999,1486.0,2160.5,0.3030209617755857
2023-07-13,2097.5,2068.69,1878.41,1829.9725,56.007500000000164,1486.0,2160.5,0.3150470219435737
2023-07-14,2063.5,2067.82,1880.0133333333333,1832.34,55.507499999999936,1486.0,2160.5,0.262079510703364
2023-07-18,2060.0,2067.5,1881.3533333333332,1834.745,54.93999999999983,1486.0,2160.5,0.23649459783913573
2023-07-19,2051.0,2066.08,1882.7133333333334,1837.095,54.50999999999999,1486.0,2160.5,0.255201958384333
2023-07-20,2042.5,2065.37,1883.7566666666667,1839.2625,53.91750000000002,1486.0,2160.5,0.23339371980676327
2023-07-21,2061.0,2065.71,1884.9566666666667,1841.5775,53.5775000000001,1486.0,2160.5,0.26830769230769236
2023-07-24,2059.5,2066.18,1886.3,1843.74,53.065000000000055,1486.0,2160.5,0.27208153180975914
2023-07-25,2021.0,2065.3,1887.36,1845.67,52.287500000000136,1486.0,2160.5,0.25061881188118806
2023-07-26,2035.5,2063.75,1888.6166666666666,1847.8275,51.67500000000018,1486.0,2160.5,0.25107559926244627
2023-07-27,2041.5,2062.64,1889.98,1849.715,50.51749999999993,1486.0,2160.5,0.27354959451029326
2023-07-28,2024.5,2061.41,1891.1766666666667,1851.5425,49.39499999999998,1486.0,2160.5,0.22031344183242907
2023-07-31,2086.0,2061.85,1892.97,1853.7725,48.664999999999964,1486.0,2160.5,0.2596618357487923
2023-08-01,1890.0,2058.13,1893.4033333333334,1855.0675,46.79750000000013,1486.0,2160.5,0.13650030066145513
2023-08-02,1908.5,2054.86,1893.86,1856.485,45.179999999999836,1486.0,2160.5,0.1630103595368677
2023-08-03,1905.0,2052.48,1894.3066666666666,1857.685,43.21749999999997,1486.0,2160.5,0.1630036630036631
2023-08-04,1912.0,2051.06,1894.84,1858.92,41.539999999999964,1486.0,2160.5,0.17516902274124146
2023-08-07,1936.0,2050.0,1895.1333333333334,1860.165,40.190000000000055,1486.0,2160.5,0.18773006134969328
2023-08-08,1903.5,2048.91,1895.17,1861.3575,38.69749999999999,1486.0,2160.5,0.17210591133004915
2023-08-09,1904.0,2048.13,1895.4633333333334,1862.5375,37.304999999999836,1486.0,2160.5,0.22601416613007075
2023-08-10,1926.5,2048.88,1895.9066666666668,1863.86,36.25,1486.0,2160.5,0.25423177083333326
2023-08-14,1917.5,2048.97,1896.4766666666667,1865.1625,35.18999999999983,1486.0,2160.5,0.2475601821730644
2023-08-15,1927.0,2048.61,1897.01,1866.6875,34.34750000000008,1486.0,2160.5,0.2234920634920634
2023-08-16,1961.0,2048.69,1897.83,1868.3375,33.5925000000002,1486.0,2160.5,0.23957016434892542
2023-08-17,1949.5,2048.55,1898.5666666666666,1870.04,32.944999999999936,1486.0,2160.5,0.25774193548387103
2023-08-18,1908.0,2047.05,1899.4133333333334,1871.32,32.05749999999989,1486.0,2160.5,0.22700964630225084
2023-08-21,1899.5,2044.94,1900.5233333333333,1872.6675,31.089999999999918,1486.0,2160.5,0.2075651621106167
2023-08-22,1866.0,2041.28,1901.4833333333333,1873.8375,30.097500000000082,1486.0,2160.5,0.19233226837060702
2023-08-23,1885.5,2037.3,1902.6133333333332,1875.04,29.36999999999989,1486.0,2160.5,0.1813909774436091
2023-08-24,1888.0,2033.41,1903.8466666666666,1876.21,28.382499999999936,1486.0,2160.5,0.18667504714016347
2023-08-25,1873.0,2028.57,1904.78,1877.36,27.644999999999982,1486.0,2160.5,0.17503136762860727
2023-08-28,1826.0,2022.58,1905.2333333333333,1878.31,26.767499999999927,1486.0,2160.5,0.16157760814249356
2023-08-29,1876.0,2017.05,1905.9533333333334,1879.44,25.667500000000018,1486.0,2160.5,0.2025641025641025
2023-08-30,1875.5,2011.35,1906.59,1880.5475,25.47999999999979,1486.0,2160.5,0.21785714285714275
2023-08-31,1880.5,2006.1,1907.28,1881.7,25.215000000000146,1486.0,2160.5,0.19094363521215962
2023-09-01,1882.0,2001.22,1907.9,1882.945,25.25999999999999,1486.0,2160.5,0.20178799489144317
2023-09-04,1877.0,1997.0,1908.48,1883.955,25.034999999999854,1486.0,2160.5,0.18273471959672327
2023-09-05,1873.5,1992.75,1908.8566666666666,1884.5375,24.372499999999945,1486.0,2160.5,0.19027954256670898
2023-09-06,1869.5,1988.35,1908.8933333333334,1885.19,23.832499999999982,1486.0,2160.5,0.20070648683365455
2023-09-07,1868.5,1984.14,1908.9033333333334,1885.6975,23.160000000000082,1486.0,2160.5,0.20470664087685364
2023-09-08,1842.0,1978.44,1908.9233333333334,1885.9925,22.132500000000164,1486.0,2160.5,0.18992248062015493
2023-09-11,1841.5,1973.23,1909.06,1886.24,21.0775000000001,1486.0,2160.5,0.20754098360655737
2023-09-12,1854.0,1968.41,1909.5333333333333,1886.615,19.92750000000001,1486.0,2160.5,0.22134387351778662
2023-09-13,1822.5,1962.49,1909.8366666666666,1886.8125,18.47499999999991,1486.0,2160.5,0.2053571428571428
2023-09-14,1819.0,1956.17,1909.9766666666667,1886.8225,16.782500000000027,1486.0,2160.5,0.2102461743180306
2023-09-15,1805.0,1949.06,1910.0766666666666,1886.7625,15.44250000000011,1528.0,2160.5,0.21467025572005394
2023-09-19,1816.5,1942.42,1910.2733333333333,1886.81,14.142499999999927,1528.0,2160.5,0.18880890052356025
2023-09-20,1794.0,1935.74,1910.2933333333333,1886.72,12.882499999999936,1566.0,2160.5,0.1740837696335078
2023-09-21,1755.5,1928.39,1910.29,1886.5675,11.527500000000146,1579.0,2160.5,0.12100893997445716
2023-09-22,1764.0,1921.2,1910.2833333333333,1886.3175,10.107500000000073,1579.0,2160.5,0.09633312616531997
2023-09-25,1807.0,1915.07,1910.4233333333334,1886.2775,8.917500000000018,1579.0,2160.5,0.139344262295082
2023-09-26,1802.0,1909.16,1910.4166666666667,1886.0975,7.787500000000136,1579.0,2160.5,0.11995027967681793
2023-09-27,1828.0,1904.45,1910.89,1886.1225,6.682499999999891,1579.0,2160.5,0.11599511599511603
2023-09-28,1811.5,1899.48,1911.2333333333333,1885.885,5.337500000000091,1579.0,2160.5,0.11476923076923073
2023-09-29,1796.5,1894.39,1911.63,1885.6325,3.932499999999891,1579.0,2160.5,0.1298742138364779
2023-10-02,1769.5,1888.93,1911.9866666666667,1885.05,2.105000000000018,1581.0,2160.5,0.12064597846738434
2023-10-03,1751.5,1882.74,1912.1966666666667,1884.4025,0.4474999999999909,1598.0,2160.5,0.10784313725490202
2023-10-04,1772.5,1877.0,1912.5133333333333,1883.975,-0.5625,1598.0,2160.5,0.10161591050341823
2023-10-05,1767.5,1871.93,1912.7233333333334,1883.5025,-1.6875,1604.0,2160.5,0.10607008760951198
2023-10-06,1749.0,1866.2,1912.9633333333334,1883.0125,-2.6849999999999454,1604.0,2160.5,0.0749846342962508
2023-10-10,1763.5,1860.64,1913.1933333333334,1882.645,-3.347500000000082,1604.0,2160.5,0.07859327217125389
2023-10-11,1751.5,1855.18,1913.17,1882.1775,-4.0625,1609.0,2160.5,0.09195760598503733
2023-10-12,1746.5,1848.39,1913.24,1881.825,-4.789999999999964,1609.0,2160.5,0.04957932692307687
2023-10-13,1697.0,1844.53,1913.1533333333334,1881.185,-5.627500000000055,1609.0,2160.5,0.022905364677516582
2023-10-16,1670.5,1839.77,1912.73,1880.3375,-6.4849999999999,1609.0,2160.5,0.018597560975609717
2023-10-17,1689.0,1835.45,1912.3766666666668,1879.5925,-7.170000000000073,1609.0,2160.5,0.03556100551808705
2023-10-18,1699.0,1831.19,1912.2966666666666,1878.9275,-7.882499999999936,1609.0,2160.5,0.04553846153846153
2023-10-19,1694.0,1826.35,1912.3233333333333,1877.9375,-8.782500000000027,1609.0,2160.5,0.017417417417417314
2023-10-20,1664.5,1821.57,1912.4466666666667,1876.77,-9.797500000000127,1609.0,2160.5,-0.0003003003003002602
2023-10-23,1672.0,1816.93,1912.6466666666668,1875.83,-10.487500000000182,1609.0,2160.5,-0.00889152341434496
2023-10-24,1697.0,1812.34,1912.96,1875.015,-11.262499999999818,1609.0,2160.5,0.01921921921921932
2023-10-25,1683.0,1807.65,1913.0533333333333,1874.27,-11.8275000000001,1609.0,2160.5,0.008992805755395628
2023-10-26,1682.0,1802.75,1913.4333333333334,1873.445,-12.677500000000009,1609.0,2160.5,0.012033694344163681
2023-10-27,1688.0,1797.29,1913.4866666666667,1872.695,-13.190000000000055,1609.0,2160.5,0.01870850935425472
2023-10-30,1663.5,1791.57,1913.23,1871.8175,-13.814999999999827,1609.0,2160.5,0.025585696670776814
2023-10-31,1514.0,1783.69,1911.9633333333334,1870.4825,-14.567499999999882,1514.0,2160.5,-0.07173513182096869
2023-11-01,1503.5,1775.77,1910.5933333333332,1869.335,-15.067499999999882,1503.5,2160.5,-0.06556867619639528
2023-11-02,1516.0,1768.77,1909.3066666666666,1868.305,-15.669999999999845,1503.5,2160.5,-0.08232445520581111
2023-11-06,1541.0,1761.88,1908.0066666666667,1867.43,-16.07249999999999,1503.5,2160.5,-0.05460122699386505
2023-11-07,1550.0,1755.12,1906.84,1866.665,-16.347500000000082,1503.5,2160.5,-0.05024509803921573
2023-11-08,1541.5,1748.49,1905.6366666666668,1865.7075,-16.9375,1503.5,2160.5,-0.06291793313069904
2023-11-09,1544.0,1742.85,1904.3633333333332,1864.6375,-17.539999999999964,1503.5,2160.5,-0.0665054413542926
2023-11-10,1538.5,1736.1,1902.82,1863.49,-18.335000000000036,1503.5,2160.5,-0.06360316494217899
2023-11-13,1503.0,1728.65,1901.1466666666668,1862.105,-19.079999999999927,1503.0,2160.5,-0.08129584352078245
2023-11-14,1526.0,1721.56,1899.62,1860.85,-19.487500000000182,1503.0,2160.5,-0.07515151515151519
2023-11-15,1548.5,1714.89,1898.23,1859.6475,-19.944999999999936,1503.0,2160.5,-0.06378476420798063
2023-11-16,1521.5,1707.78,1896.5733333333333,1858.305,-20.622499999999945,1503.0,2160.5,-0.07787878787878788
2023-11-17,1542.5,1701.16,1895.0433333333333,1856.9325,-21.00500000000011,1503.0,2160.5,-0.055419473361910554
2023-11-20,1539.5,1694.56,1893.52,1855.31,-21.460000000000036,1503.0,2160.5,-0.08089552238805975
2023-11-21,1534.0,1687.87,1891.88,1853.645,-22.184999999999945,1503.0,2160.5,-0.12692088787706313
2023-11-22,1541.5,1681.86,1890.07,1852.1575,-22.857500000000073,1503.0,2160.5,-0.11357101782633694
2023-11-24,1551.0,1676.05,1888.39,1850.8075,-23.46250000000009,1503.0,2160.5,-0.12224108658743638
2023-11-27,1563.0,1670.23,1886.5966666666666,1849.7075,-23.737499999999955,1503.0,2160.5,-0.12338754907459337
2023-11-28,1587.5,1665.53,1885.0266666666666,1848.76,-23.934999999999945,1503.0,2160.5,-0.1141183035714286
2023-11-29,1587.0,1660.89,1883.46,1847.705,-24.112500000000182,1503.0,2160.5,-0.10792580101180438
2023-11-30,1558.5,1655.96,1881.69,1846.5475,-23.935000000000173,1503.0,2160.5,-0.1259113853056646
2023-12-01,1569.0,1651.01,1879.91,1845.4575,-23.877500000000055,1503.0,2160.5,-0.13648871766648318
2023-12-04,1586.5,1646.86,1878.2933333333333,1844.435,-23.87000000000012,1503.0,2160.5,-0.12685745734727571
2023-12-05,1604.0,1643.83,1876.7866666666666,1843.675,-23.75500000000011,1503.0,2160.5,-0.11234089651355839
2023-12-06,1611.0,1640.77,1875.2466666666667,1842.905,-23.75999999999999,1503.0,2160.5,-0.11092715231788075
2023-12-07,1576.5,1636.16,1873.17,1841.8575,-23.84999999999991,1503.0,2160.5,-0.11730123180291152
2023-12-08,1575.0,1631.62,1869.8233333333333,1840.7175,-23.920000000000073,1503.0,2160.5,-0.13175303197353916
2023-12-11,1578.5,1626.63,1866.3,1839.825,-23.664999999999964,1503.0,2160.5,-0.13030303030303025
2023-12-12,1579.5,1621.99,1862.99,1838.9225,-23.18250000000012,1503.0,2160.5,-0.14064200217627854
2023-12-13,1583.5,1617.73,1859.4,1838.155,-22.694999999999936,1503.0,2160.5,-0.13137685134393862
2023-12-14,1579.5,1613.93,1856.0766666666666,1837.4725,-22.174999999999955,1503.0,2160.5,-0.1503496503496503
2023-12-15,1588.0,1610.66,1853.0366666666666,1836.8125,-21.492500000000064,1503.0,2160.5,-0.14022739577693555
2023-12-18,1579.5,1606.8,1849.9933333333333,1836.085,-20.847499999999854,1503.0,2160.5,-0.1625132555673383
2023-12-19,1587.5,1603.2,1846.81,1835.3425,-19.967499999999973,1503.0,2160.5,-0.15603402445507708
2023-12-20,1593.5,1600.09,1843.3466666666666,1834.745,-18.90000000000009,1503.0,2160.5,-0.14235737351991384
2023-12-21,1590.0,1596.62,1839.9666666666667,1834.05,-18.107500000000073,1503.0,2160.5,-0.14607948442534913
2023-12-22,1607.5,1593.74,1836.7766666666666,1833.3125,-17.49499999999989,1503.0,2160.5,-0.12966973470492693
2023-12-25,1587.0,1590.55,1833.5966666666666,1832.5675,-17.139999999999873,1503.0,2160.5,-0.1360914534567229
2023-12-26,1579.5,1588.2,1830.2866666666666,1831.915,-16.845000000000027,1503.0,2160.5,-0.14390243902439026
2023-12-27,1595.0,1586.69,1827.1066666666666,1831.22,-16.4849999999999,1503.0,2160.5,-0.12217941662080356
2023-12-28,1575.5,1584.42,1824.1166666666666,1830.3875,-16.159999999999854,1503.0,2160.5,-0.13671232876712325
2023-12-29,1584.0,1582.12,1821.4566666666667,1829.7525,-15.704999999999927,1503.0,2160.5,-0.13913043478260867
2024-01-04,1588.5,1580.01,1818.7866666666666,1829.245,-15.190000000000055,1503.0,2160.5,-0.1357453754080522
2024-01-05,1551.0,1577.74,1816.0733333333333,1828.77,-14.904999999999973,1503.0,2160.5,-0.15338427947598254
2024-01-09,1559.5,1575.49,1813.5166666666667,1828.3575,-14.5474999999999,1503.0,2160.5,-0.17573995771670192
2024-01-10,1567.0,1572.89,1811.37,1827.9425,-13.914999999999964,1503.0,2160.5,-0.17439409905163328
2024-01-11,1564.0,1570.51,1809.0433333333333,1827.4175,-13.299999999999955,1503.0,2160.5,-0.1591397849462366
2024-01-12,1554.5,1567.96,1806.44,1827.065,-12.759999999999991,1503.0,2160.5,-0.16424731182795704
2024-01-15,1547.5,1565.15,1803.71,1826.4025,-12.519999999999982,1503.0,2160.5,-0.15529475982532748
2024-01-16,1548.0,1562.84,1800.9866666666667,1825.6325,-12.522500000000036,1503.0,2160.5,-0.16188413643746613
2024-01-17,1529.0,1563.14,1797.96,1824.7575,-12.715000000000146,1503.0,2160.5,-0.16811751904243744
2024-01-18,1512.0,1563.31,1794.6733333333334,1823.7725,-13.039999999999964,1503.0,2160.5,-0.17781402936378465
2024-01-19,1526.5,1563.52,1791.19,1822.86,-13.225000000000136,1503.0,2160.5,-0.14289724873666476
2024-01-22,1545.0,1563.6,1787.5933333333332,1821.905,-13.4375,1503.0,2160.5,-0.10848240046162727
2024-01-23,1545.5,1563.51,1784.0133333333333,1821.0075,-13.737499999999955,1503.0,2160.5,-0.10249709639953541
2024-01-24,1539.0,1563.46,1780.1733333333334,1820.0925,-13.957499999999982,1503.0,2160.5,-0.10314685314685312
2024-01-25,1542.0,1563.42,1776.2833333333333,1819.1275,-14.184999999999945,1503.0,2160.5,-0.09453904873752206
2024-01-26,1534.0,1563.33,1772.16,1817.9475,-14.620000000000118,1503.0,2160.5,-0.11482977495672242
2024-01-29,1541.0,1564.09,1768.03,1816.8825,-15.032500000000027,1503.0,2160.5,-0.12343572241183165
2024-01-30,1534.0,1564.25,1763.97,1815.7775,-15.44250000000011,1503.0,2160.5,-0.13235294117647056
2024-01-31,1532.0,1563.92,1760.01,1814.6525,-15.735000000000127,1503.0,2160.5,-0.13932584269662918
2024-02-01,1530.5,1564.1,1756.2933333333333,1813.455,-16.297500000000127,1503.0,2160.5,-0.13871693866066404
2024-02-02,1530.0,1563.85,1752.5866666666666,1812.245,-17.0,1503.0,2160.5,-0.1447736165455562
2024-02-05,1546.0,1563.98,1748.9633333333334,1811.135,-17.63499999999999,1503.0,2160.5,-0.13631284916201114
2024-02-06,1555.0,1564.4,1745.47,1810.01,-18.347500000000082,1503.0,2160.5,-0.1441937259218492
2024-02-07,1538.0,1564.33,1741.5433333333333,1808.635,-19.30750000000012,1503.0,2160.5,-0.17489270386266098
2024-02-08,1504.5,1563.4,1737.56,1807.1425,-20.27500000000009,1503.0,2160.5,-0.1941617568291376
2024-02-09,1524.0,1562.62,1733.7533333333333,1805.6025,-21.46250000000009,1503.0,2160.5,-0.1712887438825449
2024-02-13,1545.5,1561.78,1729.9333333333334,1804.215,-22.1875,1503.0,2160.5,-0.15129049972542563
2024-02-14,1493.5,1559.91,1725.6566666666668,1802.5725,-23.059999999999945,1493.5,2160.5,-0.16236679753224903
2024-02-15,1450.0,1557.74,1720.92,1800.7025,-24.054999999999836,1450.0,2160.5,-0.1840180078784468
2024-02-16,1457.5,1555.51,1716.3133333333333,1798.81,-24.96250000000009,1450.0,2160.5,-0.18937708565072298
2024-02-19,1464.0,1553.06,1711.8866666666668,1796.985,-25.875,1450.0,2160.5,-0.18212290502793294
2024-02-20,1462.5,1550.23,1707.4833333333333,1795.1475,-26.757499999999936,1450.0,2160.5,-0.18158925573587015
2024-02-21,1478.0,1547.57,1703.18,1793.3275,-27.679999999999836,1450.0,2160.5,-0.1747627024008933
2024-02-22,1469.0,1545.42,1698.8833333333334,1791.2325,-28.8599999999999,1450.0,2160.5,-0.1634396355353075
2024-02-26,1499.5,1543.91,1694.8966666666668,1788.345,-30.782500000000027,1450.0,2160.5,-0.15042492917847028
2024-02-27,1509.5,1542.53,1691.2033333333334,1785.3575,-32.58999999999992,1450.0,2160.5,-0.15481522956326987
2024-02-28,1511.5,1541.17,1687.5466666666666,1782.535,-34.347499999999854,1450.0,2160.5,-0.1616749861342207
2024-02-29,1496.0,1539.42,1683.8466666666666,1779.405,-36.372499999999945,1450.0,2160.5,-0.14854866249288556
2024-03-01,1503.0,1537.89,1680.25,1776.53,-38.122499999999945,1450.0,2160.5,-0.14602272727272725
2024-03-04,1456.0,1535.25,1676.2166666666667,1773.59,-39.86500000000001,1450.0,2160.5,-0.1617731721358664
2024-03-05,1441.0,1532.48,1672.0933333333332,1770.615,-41.62999999999988,1441.0,2160.5,-0.16025641025641024
2024-03-06,1465.5,1530.04,1668.39,1767.6175,-43.51749999999993,1441.0,2160.5,-0.14796511627906972
2024-03-07,1482.5,1527.82,1664.7033333333334,1764.465,-45.54500000000007,1441.0,2160.5,-0.14057971014492754
2024-03-08,1476.5,1525.55,1660.9366666666667,1761.3625,-47.272500000000036,1441.0,2160.5,-0.14948156682027647
2024-03-11,1488.5,1523.17,1657.3633333333332,1758.375,-48.76749999999993,1441.0,2160.5,-0.1310566258026854
2024-03-12,1509.0,1521.61,1653.5166666666667,1755.6,-50.002500000000055,1441.0,2160.5,-0.12724117987275885
2024-03-13,1483.0,1519.68,1650.8033333333333,1752.635,-51.57999999999993,1441.0,2160.5,-0.15498575498575495
2024-03-14,1463.5,1517.05,1647.8366666666666,1749.5925,-52.98000000000002,1441.0,2160.5,-0.1569700460829493
2024-03-15,1453.0,1514.6,1644.8233333333333,1746.7375,-53.965000000000146,1441.0,2160.5,-0.1502923976608187
2024-03-18,1469.5,1512.31,1641.8733333333332,1744.17,-54.63999999999987,1441.0,2160.5,-0.15253748558246827
2024-03-19,1467.0,1509.88,1638.7466666666667,1741.56,-55.424999999999955,1441.0,2160.5,-0.1578645235361653
2024-03-21,1461.5,1508.09,1635.8,1739.0775,-56.069999999999936,1441.0,2160.5,-0.14582115721800115
2024-03-22,1470.0,1506.3,1632.9066666666668,1736.7125,-56.61500000000001,1441.0,2160.5,-0.1301775147928994
2024-03-25,1425.0,1503.46,1629.5633333333333,1734.3925,-56.840000000000146,1425.0,2160.5,-0.13426488456865127
2024-03-26,1424.5,1500.67,1626.2766666666666,1731.95,-56.39499999999998,1424.5,2160.5,-0.1324604141291108
2024-03-27,1443.5,1498.45,1623.0533333333333,1729.4425,-55.914999999999964,1424.5,2160.5,-0.12515151515151512
2024-03-28,1447.0,1496.44,1619.6266666666668,1726.8925,-55.642500000000155,1424.5,2160.5,-0.1330137807070102
2024-03-29,1451.5,1494.51,1616.3066666666666,1724.3675,-55.03749999999991,1424.5,2160.5,-0.10676923076923073
2024-04-01,1464.5,1493.22,1613.35,1721.775,-54.75499999999988,1424.5,2160.5,-0.1282738095238095
2024-04-02,1438.0,1491.74,1610.2733333333333,1718.94,-54.649999999999864,1424.5,2160.5,-0.1551116333725029
2024-04-03,1429.5,1489.8,1607.3633333333332,1715.8425,-54.772500000000036,1424.5,2160.5,-0.16109154929577463
2024-04-04,1423.0,1487.36,1604.28,1712.535,-55.08249999999998,1423.0,2160.5,-0.16734932709186656
2024-04-05,1411.5,1484.68,1601.1033333333332,1709.18,-55.284999999999854,1411.5,2160.5,-0.1740784084259801
2024-04-08,1418.0,1482.26,1598.07,1705.695,-55.66750000000002,1411.5,2160.5,-0.18317972350230416
2024-04-09,1420.0,1479.82,1595.3633333333332,1702.1675,-56.20749999999998,1411.5,2160.5,-0.1768115942028986
2024-04-10,1425.5,1477.65,1592.36,1698.5325,-57.06749999999988,1411.5,2160.5,-0.17218350754936118
2024-04-11,1411.0,1475.05,1589.2633333333333,1694.785,-57.84999999999991,1411.0,2160.5,-0.18674351585014404
2024-04-12,1433.5,1473.04,1586.2833333333333,1691.2375,-58.35500000000002,1411.0,2160.5,-0.1901129943502825
2024-04-15,1404.5,1470.49,1583.1,1687.63,-59.107499999999845,1404.5,2160.5,-0.19925883694412772
2024-04-16,1402.0,1467.92,1579.9333333333334,1684.2,-59.97000000000003,1402.0,2160.5,-0.20113960113960117
2024-04-17,1380.0,1464.92,1576.6433333333334,1680.67,-60.88999999999987,1380.0,2160.5,-0.2145702902675014
2024-04-18,1398.0,1461.96,1573.5,1677.2125,-61.86500000000001,1380.0,2160.5,-0.21016949152542375
2024-04-19,1388.0,1458.62,1570.2966666666666,1673.7575,-62.955000000000155,1380.0,2160.5,-0.21670428893905191
2024-04-22,1442.5,1456.71,1567.6333333333334,1670.335,-64.05749999999989,1380.0,2160.5,-0.18410633484162897
2024-04-23,1436.0,1455.34,1564.93,1667.005,-64.94499999999994,1380.0,2160.5,-0.19325842696629214
2024-04-24,1425.5,1453.37,1562.0733333333333,1663.6575,-65.78500000000008,1380.0,2160.5,-0.21373414230557086
2024-04-25,1424.5,1450.95,1559.42,1660.1875,-66.70499999999993,1380.0,2160.5,-0.2099278979478647
2024-04-26,1426.0,1449.6,1556.8,1656.6425,-67.72500000000014,1380.0,2160.5,-0.22161572052401746
2024-04-30,1447.0,1449.54,1554.4133333333334,1653.075,-68.70000000000005,1380.0,2160.5,-0.20625342841470107
2024-05-01,1467.0,1449.73,1552.0833333333333,1649.6675,-69.27250000000004,1380.0,2160.5,-0.19484083424807908
2024-05-02,1440.5,1449.26,1549.7266666666667,1646.23,-69.61249999999995,1380.0,2160.5,-0.21025219298245612
2024-05-07,1461.5,1449.24,1547.7666666666667,1642.9225,-69.61250000000018,1380.0,2160.5,-0.20397603485838778
2024-05-08,1467.0,1449.02,1545.7866666666666,1639.64,-69.53999999999996,1380.0,2160.5,-0.19792236194641877
2024-05-09,1541.5,1450.47,1544.0166666666667,1636.78,-68.91499999999996,1380.0,2160.5,-0.15765027322404368
2024-05-10,1409.0,1448.66,1541.3966666666668,1633.3375,-68.82999999999993,1380.0,2160.5,-0.23507057546145493
2024-05-13,1414.5,1446.76,1538.64,1630.0925,-68.44000000000005,1380.0,2160.5,-0.25079449152542377
2024-05-14,1448.5,1445.5,1536.22,1627.035,-67.75,1380.0,2160.5,-0.3025999037072701
2024-05-15,1410.0,1443.78,1533.6433333333334,1623.83,-67.40750000000003,1380.0,2160.5,-0.3308020882771713
2024-05-16,1416.0,1442.04,1531.2866666666666,1620.6975,-66.93250000000012,1380.0,2160.5,-0.3179190751445087
2024-05-17,1423.0,1441.38,1529.0966666666666,1617.5075,-66.69250000000011,1380.0,2160.5,-0.32940622054665414
2024-05-20,1409.0,1440.74,1526.6733333333334,1614.255,-66.41499999999996,1380.0,2160.5,-0.321944177093359
2024-05-21,1364.0,1438.71,1523.9833333333333,1610.97,-66.24250000000006,1364.0,2160.5,-0.33268101761252444
2024-05-22,1362.0,1436.3,1521.4033333333334,1607.6025,-66.15499999999997,1362.0,2160.5,-0.331041257367387
2024-05-23,1366.5,1434.1,1518.7566666666667,1604.2275,-66.10750000000007,1362.0,2160.5,-0.3382566585956417
2024-05-24,1342.5,1431.18,1516.03,1600.8175,-66.1875,1342.5,2160.5,-0.3646474207288216
2024-05-27,1342.5,1427.85,1513.3366666666666,1597.1,-66.55750000000012,1342.5,2160.5,-0.3597997138769671
2024-05-28,1343.0,1425.05,1510.9766666666667,1594.365,-65.82249999999999,1342.5,2160.5,-0.3561840843720039
2024-05-29,1311.0,1422.0,1508.58,1591.3775,-65.26499999999987,1311.0,2160.5,-0.3648255813953488
2024-05-30,1328.0,1419.5,1506.1733333333334,1588.4925,-64.58249999999998,1311.0,2160.5,-0.36030828516377644
2024-05-31,1340.0,1416.91,1503.78,1585.6325,-64.03500000000008,1311.0,2160.5,-0.35328185328185324
2024-06-03,1378.0,1415.13,1501.6733333333334,1582.8425,-63.387500000000045,1311.0,2160.5,-0.31916996047430835
2024-06-04,1379.0,1413.48,1499.77,1580.22,-62.70249999999987,1311.0,2160.5,-0.30458900655572363
2024-06-05,1374.0,1411.56,1497.7833333333333,1577.57,-62.070000000000164,1311.0,2160.5,-0.3092006033182504
2024-06-06,1360.0,1410.26,1495.5366666666666,1574.7375,-62.04250000000002,1311.0,2160.5,-0.3054136874361594
2024-06-07,1351.0,1408.79,1493.3233333333333,1571.905,-61.43250000000012,1311.0,2160.5,-0.3046834791559444
2024-06-10,1342.5,1406.77,1491.06,1568.9825,-61.1099999999999,1311.0,2160.5,-0.2893065113816834
2024-06-11,1339.0,1404.61,1488.7333333333333,1565.8725,-61.162500000000136,1311.0,2160.5,-0.3000522739153163
2024-06-12,1342.0,1402.42,1486.59,1562.835,-60.99499999999989,1311.0,2160.5,-0.31002570694087406
2024-06-13,1323.0,1399.59,1485.3166666666666,1559.91,-60.78749999999991,1311.0,2160.5,-0.3239652529381707
2024-06-14,1349.0,1397.81,1484.2866666666666,1557.1575,-60.34999999999991,1311.0,2160.5,-0.3105034500383338
2024-06-17,1355.0,1396.32,1483.2133333333334,1554.6025,-59.652500000000146,1311.0,2160.5,-0.3166918809884014
2024-06-18,1354.5,1394.95,1481.97,1551.9475,-59.022500000000036,1311.0,2160.5,-0.32443890274314213
2024-06-19,1322.5,1393.17,1480.4533333333334,1549.12,-58.48250000000007,1311.0,2160.5,-0.3545632015617375
2024-06-20,1319.0,1391.19,1478.97,1546.35,-57.877500000000055,1311.0,2160.5,-0.36723434876469174
2024-06-21,1335.5,1389.5,1477.58,1543.8975,-56.92000000000007,1311.0,2160.5,-0.35870348139255703
2024-06-24,1351.0,1388.01,1476.33,1541.2725,-55.82749999999987,1311.0,2160.5,-0.36122931442080375
2024-06-25,1369.5,1387.18,1475.44,1538.7425,-55.622499999999945,1311.0,2160.5,-0.35568101623147497
2024-06-26,1365.0,1385.81,1474.3666666666666,1536.165,-55.21250000000009,1311.0,2160.5,-0.36585365853658536
2024-06-27,1340.5,1384.53,1472.98,1533.4575,-55.03500000000008,1311.0,2160.5,-0.3795417727377922
2024-06-28,1307.5,1382.64,1471.5533333333333,1530.61,-55.022500000000036,1307.5,2160.5,-0.3898740083994401
2024-07-01,1328.0,1381.6,1470.1233333333332,1527.8825,-54.960000000000036,1307.5,2160.5,-0.3753527751646284
2024-07-02,1318.0,1380.0,1468.6466666666668,1525.125,-55.09500000000003,1307.5,2160.5,-0.36877394636015326
2024-07-03,1326.5,1378.77,1467.2633333333333,1522.415,-55.15499999999997,1307.5,2160.5,-0.36409395973154357
2024-07-04,1326.5,1376.45,1465.83,1519.8375,-54.899999999999864,1307.5,2160.5,-0.36515912897822445
2024-07-05,1330.0,1374.33,1464.3566666666666,1517.28,-54.625,1307.5,2160.5,-0.3602693602693603
2024-07-08,1340.5,1372.63,1462.8733333333332,1514.7125,-54.26999999999998,1307.5,2160.5,-0.3697696285848613
2024-07-09,1345.5,1371.05,1461.26,1512.3275,-53.544999999999845,1307.5,2160.5,-0.359895337773549
2024-07-10,1345.5,1369.44,1459.65,1509.96,-52.875,1307.5,2160.5,-0.3577565632458234
2024-07-11,1365.0,1367.8,1458.36,1507.76,-52.15000000000009,1307.5,2160.5,-0.35567618598064665
2024-07-12,1383.0,1366.12,1457.12,1505.5925,-51.565000000000055,1307.5,2160.5,-0.3522248243559719
2024-07-16,1368.0,1364.67,1455.6633333333334,1503.4625,-51.13999999999987,1307.5,2148.5,-0.3668132376764638
2024-07-17,1391.5,1363.27,1454.2466666666667,1501.6425,-50.305000000000064,1307.5,2128.0,-0.3523388410518967
2024-07-18,1395.5,1361.84,1452.81,1499.8,-49.319999999999936,1307.5,2123.5,-0.3442199248120301
2024-07-19,1387.5,1358.76,1451.55,1497.7025,-48.64749999999981,1307.5,2123.5,-0.3464437117286858
2024-07-22,1392.0,1358.42,1450.33,1495.6525,-48.24500000000012,1307.5,2113.5,-0.34447845538026844
2024-07-23,1395.0,1358.03,1449.1066666666666,1493.4875,-47.78500000000008,1307.5,2097.5,-0.3399574166075231
2024-07-24,1379.5,1356.65,1447.7733333333333,1491.3275,-47.414999999999964,1307.5,2086.0,-0.3423122765196662
2024-07-25,1381.0,1356.07,1446.4233333333334,1489.25,-46.914999999999964,1307.5,2086.0,-0.33074872788950815
2024-07-26,1387.0,1355.49,1445.14,1487.3375,-46.11999999999989,1307.5,2086.0,-0.3266990291262136
2024-07-29,1411.5,1355.26,1443.9633333333334,1485.6375,-44.972499999999854,1307.5,2086.0,-0.31179912237932716
2024-07-30,1406.5,1355.21,1442.81,1483.8075,-44.075000000000045,1307.5,2086.0,-0.31138310893512855
2024-07-31,1416.5,1356.26,1441.67,1482.0525,-43.07249999999999,1307.5,2086.0,-0.31271227559437165
2024-08-01,1383.0,1356.68,1440.2666666666667,1480.2225,-42.19249999999988,1307.5,2086.0,-0.3284777858703569
2024-08-02,1361.5,1356.58,1438.7433333333333,1478.2125,-41.625,1307.5,2086.0,-0.32632360217714007
2024-08-05,1395.0,1357.63,1437.3266666666666,1476.43,-40.84999999999991,1307.5,2086.0,-0.31466470154753134
2024-08-06,1363.0,1358.04,1435.8333333333333,1474.5125,-40.200000000000045,1307.5,2086.0,-0.33235366152338963
2024-08-07,1374.0,1358.66,1434.4633333333334,1472.8975,-39.430000000000064,1307.5,2086.0,-0.3213139046678192
2024-08-08,1418.5,1360.81,1433.2866666666666,1471.6375,-38.32249999999999,1307.5,1961.0,-0.3199904122722914
2024-08-09,1399.0,1362.23,1432.11,1470.1875,-37.57249999999999,1307.5,1961.0,-0.2597883597883598
2024-08-13,1397.0,1363.37,1430.8633333333332,1468.6775,-36.914999999999964,1307.5,1961.0,-0.26801152737752165
2024-08-14,1405.0,1363.91,1429.64,1467.2325,-36.23000000000002,1307.5,1961.0,-0.2624671916010499
2024-08-15,1409.0,1364.51,1428.6933333333334,1465.955,-35.6875,1307.5,1961.0,-0.26307531380753135
2024-08-16,1439.5,1365.82,1427.8933333333334,1464.7925,-35.007499999999936,1307.5,1961.0,-0.2564566115702479
2024-08-19,1425.0,1367.12,1426.9466666666667,1463.4325,-34.27000000000021,1307.5,1961.0,-0.2513790386130812
2024-08-20,1453.0,1369.16,1426.2066666666667,1462.2825,-33.36999999999989,1307.5,1961.0,-0.2368697478991597
2024-08-21,1429.5,1370.9,1425.3733333333332,1461.02,-32.46749999999997,1307.5,1961.0,-0.25798079418634834
2024-08-22,1448.0,1373.08,1424.71,1459.82,-31.507500000000164,1307.5,1961.0,-0.24485006518904828
2024-08-23,1448.0,1375.2,1424.0433333333333,1458.7425,-30.507499999999936,1307.5,1961.0,-0.24857291126102754
2024-08-26,1463.0,1378.0,1423.6033333333332,1458.4875,-28.850000000000136,1307.5,1949.5,-0.25395206527282
2024-08-27,1492.0,1380.86,1423.47,1458.43,-27.207499999999982,1307.5,1908.0,-0.23467555783534244
2024-08-28,1471.0,1383.18,1423.1,1458.205,-25.602499999999964,1307.5,1899.5,-0.22903563941299787
2024-08-29,1467.5,1385.44,1422.5833333333333,1457.8375,-24.214999999999918,1307.5,1888.0,-0.22742827059752568
2024-08-30,1472.5,1388.44,1422.0966666666666,1457.45,-22.772500000000036,1307.5,1888.0,-0.21087888531618437
2024-09-02,1447.5,1391.01,1421.4866666666667,1456.98,-21.232500000000073,1307.5,1888.0,-0.23229912490055693
2024-09-03,1465.5,1393.61,1420.9766666666667,1456.5875,-19.842499999999973,1307.5,1882.0,-0.22378177966101698
2024-09-04,1434.5,1395.28,1420.3133333333333,1456.0675,-18.444999999999936,1307.5,1882.0,-0.2341163908168713
2024-09-05,1456.0,1397.01,1419.7466666666667,1455.8325,-17.065000000000055,1307.5,1882.0,-0.20262869660460026
2024-09-06,1467.0,1399.05,1419.3,1455.5375,-16.100000000000136,1307.5,1882.0,-0.21801705756929635
2024-09-09,1419.0,1400.62,1418.5466666666666,1454.89,-15.2974999999999,1307.5,1882.0,-0.2434017595307918
2024-09-10,1424.0,1402.95,1417.8366666666666,1454.4025,-14.275000000000091,1307.5,1882.0,-0.24275458654613136
2024-09-11,1411.5,1404.62,1417.0466666666666,1453.7475,-13.485000000000127,1307.5,1877.0,-0.25
2024-09-12,1419.0,1406.64,1416.2,1453.145,-12.809999999999945,1307.5,1873.5,-0.24400639318060735
2024-09-13,1400.0,1408.11,1415.1666666666667,1452.475,-12.31750000000011,1307.5,1869.5,-0.2527355217507339
2024-09-17,1440.5,1410.39,1414.5166666666667,1451.97,-11.462499999999864,1307.5,1868.5,-0.2294731211553891
2024-09-18,1447.5,1412.74,1414.1366666666668,1451.4525,-10.829999999999927,1307.5,1854.0,-0.22531442333422536
2024-09-19,1451.0,1414.95,1413.65,1450.8925,-10.127500000000055,1307.5,1854.0,-0.21226927252985883
2024-09-20,1457.0,1417.18,1413.06,1450.24,-9.579999999999927,1307.5,1854.0,-0.20879717621504212
2024-09-24,1456.0,1419.39,1412.81,1449.585,-9.157500000000027,1307.5,1828.0,-0.21467098166127296
2024-09-25,1472.0,1421.53,1412.9566666666667,1449.1525,-9.335000000000036,1307.5,1828.0,-0.19231824417009602
2024-09-26,1495.0,1423.77,1413.2066666666667,1448.7825,-9.647500000000036,1307.5,1828.0,-0.17811984606926878
2024-09-27,1509.0,1426.59,1413.5066666666667,1448.395,-9.809999999999945,1307.5,1828.0,-0.16398891966759
2024-09-30,1479.0,1428.34,1413.6166666666666,1447.77,-10.06750000000011,1307.5,1828.0,-0.18579686209744017
2024-10-01,1486.0,1430.15,1413.67,1447.145,-10.305000000000064,1307.5,1828.0,-0.17168338907469338
2024-10-02,1488.5,1432.17,1413.8,1446.705,-10.275000000000091,1307.5,1828.0,-0.15209342067786957
2024-10-03,1515.5,1434.64,1413.9066666666668,1446.4075,-10.180000000000064,1307.5,1828.0,-0.14087301587301593
2024-10-04,1562.0,1437.98,1414.2566666666667,1446.325,-9.742500000000064,1307.5,1828.0,-0.13558384061981188
2024-10-07,1560.0,1441.59,1414.58,1446.2275,-9.605000000000018,1307.5,1828.0,-0.13429522752497225
2024-10-08,1523.0,1444.43,1414.76,1445.925,-9.612499999999955,1307.5,1811.5,-0.1668490153172867
2024-10-09,1571.0,1448.11,1415.2133333333334,1445.8825,-9.007500000000164,1307.5,1796.5,-0.13276290367099086
2024-10-10,1570.0,1451.28,1415.9733333333334,1445.7925,-8.6099999999999,1307.5,1772.5,-0.1260784859448928
2024-10-11,1537.0,1453.89,1416.6133333333332,1445.58,-8.167500000000018,1307.5,1772.5,-0.1313930488838655
2024-10-15,1542.0,1456.4,1417.1233333333332,1445.3525,-7.792500000000018,1307.5,1772.5,-0.11961176134741647
2024-10-16,1516.0,1459.06,1417.3466666666666,1444.965,-7.509999999999991,1307.5,1767.5,-0.14471086036671366
2024-10-17,1509.5,1462.02,1417.5666666666666,1444.5625,-7.407500000000027,1307.5,1763.5,-0.14596888260254592
2024-10-18,1502.5,1464.17,1417.66,1444.0375,-7.415000000000191,1307.5,1763.5,-0.1409376786735277
2024-10-21,1519.0,1467.29,1417.7266666666667,1443.6975,-7.194999999999936,1307.5,1751.5,-0.1386447405727247
2024-10-22,1511.5,1470.04,1417.9166666666667,1443.3575,-6.882499999999936,1307.5,1746.5,-0.1370254067941764
2024-10-23,1505.0,1471.77,1418.1933333333334,1442.9075,-6.677500000000009,1307.5,1699.0,-0.13827655310621245
2024-10-24,1482.0,1473.43,1418.3866666666668,1442.44,-6.712499999999864,1307.5,1699.0,-0.12669416617560403
2024-10-25,1483.5,1475.16,1418.48,1441.9375,-6.845000000000027,1307.5,1699.0,-0.11194253217599526
2024-10-28,1490.0,1476.86,1418.6333333333334,1441.445,-6.9500000000000455,1307.5,1699.0,-0.11782119597394913
2024-10-29,1498.0,1478.64,1418.8766666666668,1441.18,-6.589999999999918,1307.5,1697.0,-0.11830488522660387
2024-10-30,1494.0,1479.73,1419.0366666666666,1440.8525,-6.292500000000018,1307.5,1697.0,-0.11806375442739081
2024-10-31,1499.5,1481.22,1419.5333333333333,1440.515,-6.189999999999827,1307.5,1697.0,-0.09912886752778616
2024-11-01,1469.0,1481.54,1419.83,1440.04,-6.367500000000064,1307.5,1697.0,-0.12141148325358853
2024-11-05,1477.0,1482.49,1420.0533333333333,1439.6525,-6.672500000000127,1307.5,1688.0,-0.12964054213317622
2024-11-06,1463.0,1482.79,1420.16,1439.23,-6.997499999999945,1307.5,1688.0,-0.130718954248366
2024-11-07,1468.0,1483.19,1420.27,1438.83,-7.095000000000027,1307.5,1688.0,-0.12722948870392392
2024-11-08,1487.0,1483.67,1420.42,1438.62,-7.2625000000000455,1307.5,1663.5,-0.11907582938388628
2024-11-11,1446.5,1482.76,1420.4766666666667,1438.2925,-7.5,1307.5,1611.0,-0.13044785091674183
2024-11-12,1368.5,1480.71,1420.07,1437.5025,-8.077499999999873,1307.5,1611.0,-0.09610303830911493
2024-11-13,1382.5,1479.01,1419.8,1436.69,-8.662499999999909,1307.5,1611.0,-0.08047888260724978
2024-11-14,1378.0,1477.12,1419.5766666666666,1435.8525,-9.112499999999955,1307.5,1611.0,-0.09102902374670185
2024-11-15,1364.0,1475.45,1419.2166666666667,1434.9775,-9.585000000000036,1307.5,1611.0,-0.11486048020765738
2024-11-18,1376.5,1473.67,1418.9266666666667,1434.15,-9.887499999999818,1307.5,1611.0,-0.11193548387096774
2024-11-19,1372.0,1472.42,1418.57,1433.34,-10.357500000000073,1307.5,1611.0,-0.10995783327927344
2024-11-20,1373.0,1470.76,1418.3166666666666,1432.5,-10.857500000000073,1307.5,1611.0,-0.11075129533678751
2024-11-21,1362.5,1468.67,1417.8433333333332,1431.6425,-11.2650000000001,1307.5,1611.0,-0.11439714007149826
2024-11-22,1356.0,1467.41,1417.52,1430.7625,-11.677500000000009,1307.5,1611.0,-0.0978043912175649
2024-11-25,1365.0,1466.23,1417.2733333333333,1429.935,-12.002500000000055,1307.5,1611.0,-0.10550458715596334
2024-11-26,1383.5,1465.67,1417.2966666666666,1429.2025,-12.242499999999836,1307.5,1611.0,-0.10655473038424279
2024-11-27,1355.0,1464.39,1417.01,1428.2475,-12.932500000000118,1307.5,1611.0,-0.10943148209004272
2024-11-28,1374.5,1463.88,1416.92,1427.345,-13.507499999999936,1307.5,1611.0,-0.10891410048622363
2024-11-29,1366.5,1462.4,1416.4133333333334,1426.4875,-14.027500000000146,1307.5,1611.0,-0.11237414745047092
2024-12-02,1382.0,1461.09,1416.0533333333333,1425.875,-14.164999999999964,1307.5,1611.0,-0.09908735332464147
2024-12-03,1390.0,1459.87,1415.8166666666666,1425.205,-14.447499999999991,1307.5,1611.0,-0.09828089523191696
2024-12-04,1394.0,1458.61,1415.6133333333332,1424.4475,-14.782500000000027,1307.5,1611.0,-0.1012250161186331
2024-12-05,1398.0,1457.45,1415.4266666666667,1423.97,-14.8599999999999,1307.5,1611.0,-0.10556621880998085
2024-12-06,1405.0,1456.11,1415.1466666666668,1423.745,-14.875,1307.5,1611.0,-0.11496062992125988
2024-12-09,1440.0,1455.01,1414.9666666666667,1423.6575,-14.634999999999991,1307.5,1611.0,-0.09262759924385633
2024-12-10,1443.5,1453.7,1414.9866666666667,1423.555,-13.947499999999991,1307.5,1611.0,-0.07378889958293233
2024-12-11,1460.0,1453.32,1414.9766666666667,1423.5425,-13.147500000000036,1307.5,1611.0,-0.06947100063734868
2024-12-12,1463.0,1452.86,1414.95,1423.4675,-12.384999999999991,1307.5,1611.0,-0.07784431137724546
2024-12-13,1472.5,1452.54,1414.49,1423.485,-11.492500000000064,1307.5,1611.0,-0.08198254364089774
2024-12-16,1452.5,1451.28,1414.78,1423.25,-10.900000000000091,1307.5,1607.5,-0.09838609559279954
2024-12-17,1455.0,1449.14,1415.05,1422.9775,-10.362499999999955,1307.5,1607.5,-0.07706945765937201
2024-12-18,1451.5,1446.97,1415.07,1422.6775,-9.822499999999991,1307.5,1607.5,-0.07841269841269838
2024-12-19,1478.5,1446.08,1415.5266666666666,1422.59,-9.052500000000009,1307.5,1607.5,-0.06335128286347802
2024-12-20,1463.5,1443.93,1415.8433333333332,1422.3925,-8.370000000000118,1307.5,1607.5,-0.0734409623298512
2024-12-23,1450.5,1441.54,1416.0266666666666,1422.365,-7.569999999999936,1307.5,1607.5,-0.08399115882538677
2024-12-24,1440.0,1439.6,1416.2333333333333,1422.36,-6.8425000000002,1307.5,1607.5,-0.0883190883190883
2024-12-25,1428.0,1437.32,1416.66,1422.1725,-6.0750000000000455,1307.5,1607.5,-0.10075566750629728
2024-12-26,1439.5,1435.79,1417.1766666666667,1421.9575,-5.3875000000000455,1307.5,1607.5,-0.08863564419119974
2024-12-27,1435.5,1434.31,1417.6366666666668,1421.7525,-4.7349999999999,1307.5,1607.5,-0.09574803149606304
2024-12-30,1429.0,1432.84,1418.2133333333334,1421.455,-4.420000000000073,1307.5,1607.5,-0.10323187951051149
2025-01-06,1408.0,1430.62,1418.65,1420.95,-4.254999999999882,1307.5,1607.5,-0.11446540880503142
2025-01-07,1413.0,1428.65,1419.1166666666666,1420.6,-3.847500000000082,1307.5,1595.0,-0.12099533437013998
2025-01-08,1404.0,1426.63,1419.7366666666667,1420.3025,-3.667500000000018,1307.5,1595.0,-0.11531190926275992
2025-01-09,1400.0,1424.99,1420.2166666666667,1420.0375,-3.707499999999982,1307.5,1595.0,-0.11364355808800253
2025-01-10,1419.5,1423.71,1420.7466666666667,1419.7875,-3.8700000000001182,1307.5,1588.5,-0.11003134796238245
2025-01-14,1398.0,1421.87,1420.88,1419.4425,-4.1124999999999545,1307.5,1588.5,-0.11266264677880033
2025-01-15,1400.5,1419.92,1421.0233333333333,1419.1375,-4.404999999999973,1307.5,1588.5,-0.11584595959595956
2025-01-16,1378.0,1417.6,1421.05,1418.6775,-4.789999999999964,1307.5,1571.0,-0.1325149512118351
2025-01-17,1392.5,1415.46,1421.2666666666667,1418.515,-4.9699999999998,1307.5,1571.0,-0.10219213410702777
2025-01-20,1383.5,1413.75,1421.4833333333333,1418.31,-4.940000000000055,1307.5,1571.0,-0.11285668483488298
2025-01-21,1392.0,1412.05,1421.8133333333333,1418.0525,-4.9249999999999545,1307.5,1571.0,-0.11167836630504147
2025-01-22,1391.5,1410.62,1422.1633333333334,1417.775,-4.902499999999918,1307.5,1571.0,-0.11029411764705888
2025-01-23,1385.0,1408.96,1422.45,1417.4425,-5.147499999999809,1307.5,1571.0,-0.10903827597298166
2025-01-24,1405.0,1407.32,1422.9966666666667,1417.145,-5.247499999999945,1307.5,1571.0,-0.09208400646203552
2025-01-27,1438.5,1407.16,1423.5933333333332,1417.1475,-5.217499999999973,1307.5,1571.0,-0.07073643410852715
2025-01-28,1442.5,1408.64,1424.1766666666667,1417.2125,-5.147499999999809,1307.5,1571.0,-0.05657292347939835
2025-01-29,1428.0,1409.55,1424.6666666666667,1417.2375,-4.934999999999945,1307.5,1571.0,-0.05555555555555558
2025-01-30,1427.5,1410.54,1425.3666666666666,1417.3175,-4.639999999999873,1307.5,1571.0,-0.06485424172944643
2025-01-31,1415.0,1411.56,1426.0066666666667,1417.3025,-4.4500000000000455,1307.5,1571.0,-0.08414239482200647
2025-02-03,1388.5,1411.8,1426.36,1417.145,-4.309999999999945,1307.5,1571.0,-0.1015852474927208
2025-02-04,1389.5,1412.15,1426.6166666666666,1416.965,-3.9850000000001273,1307.5,1571.0,-0.0971410006497726
2025-02-05,1381.5,1412.32,1426.6966666666667,1416.8175,-3.7824999999998,1307.5,1571.0,-0.10408560311284043
2025-02-06,1383.5,1412.74,1426.82,1416.5675,-3.7349999999999,1307.5,1571.0,-0.09810951760104303
2025-02-07,1362.5,1412.87,1426.9666666666667,1416.3575,-3.6799999999998363,1307.5,1571.0,-0.11583387410772228
2025-02-10,1379.5,1413.16,1427.4466666666667,1416.245,-3.542500000000018,1307.5,1571.0,-0.1007170795306388
2025-02-12,1386.5,1413.22,1427.8366666666666,1416.2775,-3.165000000000191,1307.5,1571.0,-0.0949738903394256
2025-02-13,1407.0,1414.26,1428.43,1416.3225,-2.8150000000000546,1307.5,1571.0,-0.08069258412283564
2025-02-14,1377.5,1414.32,1428.77,1416.27,-2.4075000000000273,1307.5,1571.0,-0.09967320261437906
2025-02-17,1212.0,1411.23,1428.0066666666667,1415.1175,-3.3975000000000364,1212.0,1571.0,-0.21604139715394566
2025-02-18,1191.5,1407.42,1427.0833333333333,1413.895,-4.414999999999964,1191.5,1571.0,-0.23376205787781346
2025-02-19,1235.0,1404.32,1426.38,1412.9425,-5.1099999999999,1191.5,1571.0,-0.19700910273081929
2025-02-20,1223.0,1400.9,1425.5633333333333,1411.935,-5.8400000000001455,1191.5,1571.0,-0.18710535061482225
2025-02-21,1206.5,1397.07,1424.6366666666668,1410.8375,-6.605000000000018,1191.5,1571.0,-0.20833333333333337
2025-02-25,1219.5,1393.36,1423.6666666666667,1409.7,-7.444999999999936,1191.5,1571.0,-0.21093497250080884
2025-02-26,1235.0,1389.26,1422.68,1408.54,-8.607500000000073,1191.5,1571.0,-0.1730833612320054
2025-02-27,1211.5,1384.62,1421.6366666666668,1407.395,-9.81750000000011,1191.5,1571.0,-0.16448275862068962
2025-02-28,1197.0,1379.36,1420.34,1406.0725,-11.164999999999964,1191.5,1571.0,-0.1787307032590052
2025-03-03,1191.5,1373.93,1418.98,1404.695,-12.622500000000173,1191.5,1571.0,-0.18613387978142082
2025-03-04,1201.0,1368.5,1417.7366666666667,1402.9925,-14.309999999999945,1191.5,1571.0,-0.17880341880341877
2025-03-05,1207.5,1363.6,1416.5066666666667,1401.985,-15.160000000000082,1191.5,1571.0,-0.18301759133964812
2025-03-06,1215.0,1358.8,1415.3066666666666,1400.9875,-15.977499999999964,1191.5,1571.0,-0.1729067392784207
2025-03-07,1217.5,1354.12,1414.2266666666667,1399.8325,-16.985000000000127,1191.5,1571.0,-0.18806268756252087
2025-03-10,1263.5,1349.82,1413.4433333333334,1399.1,-17.4675000000002,1191.5,1571.0,-0.1629678701556807
2025-03-11,1267.0,1345.89,1412.6433333333334,1398.355,-18.002500000000055,1191.5,1571.0,-0.16175984121733378
2025-03-12,1251.5,1341.91,1411.5766666666666,1397.4975,-18.747499999999945,1191.5,1571.0,-0.16343582887700536
2025-03-13,1245.0,1338.01,1410.5,1396.6775,-19.59999999999991,1191.5,1571.0,-0.1716566866267465
2025-03-14,1258.0,1334.61,1409.4433333333334,1396.1475,-20.174999999999955,1191.5,1571.0,-0.13598901098901095
2025-03-17,1272.0,1331.26,1408.7033333333334,1395.6975,-20.57249999999999,1191.5,1571.0,-0.11727966689798752
2025-03-18,1277.0,1328.09,1408.14,1395.25,-19.867500000000064,1191.5,1571.0,-0.12862504264756058
2025-03-19,1288.0,1325.27,1407.4266666666667,1394.9775,-18.917500000000018,1191.5,1571.0,-0.1311973018549747
2025-03-21,1282.5,1322.76,1406.89,1394.6775,-18.2650000000001,1191.5,1571.0,-0.1313918049441246
2025-03-24,1278.5,1320.07,1406.2533333333333,1394.355,-17.579999999999927,1191.5,1571.0,-0.14108162579778305
2025-03-25,1292.5,1317.84,1405.4133333333334,1394.2625,-16.575000000000045,1191.5,1571.0,-0.1434724983432737
2025-03-26,1286.5,1315.57,1404.6633333333334,1394.055,-15.644999999999982,1191.5,1571.0,-0.13250168577208365
2025-03-27,1297.0,1313.12,1403.9966666666667,1393.84,-14.700000000000045,1191.5,1571.0,-0.11376836351212849
2025-03-28,1284.0,1310.84,1403.19,1393.37,-14.025000000000091,1191.5,1571.0,-0.11631108052305572
2025-03-31,1272.5,1308.28,1402.28,1392.8375,-13.2349999999999,1191.5,1571.0,-0.13405920381082004
2025-04-01,1287.0,1306.46,1401.2633333333333,1392.4025,-12.292500000000018,1191.5,1571.0,-0.12269938650306744
2025-04-02,1257.5,1303.76,1400.1466666666668,1391.89,-11.102499999999964,1191.5,1571.0,-0.13958262059527882
2025-04-03,1272.0,1301.53,1398.94,1391.495,-10.490000000000009,1191.5,1571.0,-0.13469387755102036
2025-04-04,1273.5,1299.16,1397.9,1391.15,-9.837499999999864,1191.5,1571.0,-0.10631578947368425
2025-04-07,1200.0,1295.33,1396.2466666666667,1390.455,-9.377500000000055,1191.5,1571.0,-0.15759915759915755
2025-04-08,1235.5,1292.34,1394.83,1389.9225,-9.177500000000009,1191.5,1571.0,-0.1440942154485625
2025-04-09,1237.0,1288.98,1393.3233333333333,1389.4925,-8.862499999999955,1191.5,1571.0,-0.14512785072563927
2025-04-10,1295.5,1286.12,1392.0133333333333,1389.225,-8.272500000000036,1191.5,1571.0,-0.10747502583534274
2025-04-11,1270.5,1282.68,1390.6766666666667,1388.8025,-7.875,1191.5,1571.0,-0.13246841925571873
2025-04-14,1293.0,1279.98,1389.5133333333333,1388.495,-7.6525000000001455,1191.5,1571.0,-0.1008344923504868
2025-04-15,1289.0,1277.21,1388.29,1388.3275,-7.369999999999891,1191.5,1571.0,-0.09828611402588316
2025-04-16,1287.0,1274.65,1387.22,1388.1675,-7.082499999999982,1191.5,1571.0,-0.09557273366127894
2025-04-17,1272.0,1272.32,1385.93,1387.85,-7.127500000000055,1191.5,1571.0,-0.09883103081827838
2025-04-18,1281.0,1270.15,1384.9066666666668,1387.5,-7.177500000000009,1191.5,1571.0,-0.09661495063469672
2025-04-21,1275.0,1268.02,1383.7,1387.0275,-7.3275000000001,1191.5,1571.0,-0.102112676056338
2025-04-22,1285.0,1266.05,1382.4866666666667,1386.6275,-7.634999999999991,1191.5,1571.0,-0.09856190810242016
2025-04-23,1295.5,1264.71,1381.6633333333334,1386.4025,-7.6525000000001455,1191.5,1571.0,-0.08185683912119068
2025-04-24,1305.0,1263.22,1380.87,1386.39,-7.449999999999818,1191.5,1571.0,-0.08964073944890127
2025-04-25,1314.0,1261.77,1380.22,1386.32,-7.0499999999999545,1191.5,1571.0,-0.06443574225703097
2025-04-28,1305.0,1259.73,1379.46,1386.255,-6.582499999999982,1191.5,1571.0,-0.06918687589158345
2025-04-30,1304.5,1258.27,1378.8233333333333,1386.145,-6.257499999999936,1191.5,1571.0,-0.05471014492753623
2025-05-01,1284.0,1259.71,1377.78,1385.9325,-5.957500000000209,1191.5,1571.0,-0.08154506437768239
2025-05-02,1285.0,1261.58,1376.6966666666667,1385.7075,-5.787499999999909,1191.5,1571.0,-0.07420749279538907
2025-05-07,1288.0,1262.64,1375.61,1385.445,-5.705000000000155,1191.5,1571.0,-0.10710571923743506
2025-05-08,1291.0,1264.0,1374.5033333333333,1385.1725,-5.282500000000027,1191.5,1571.0,-0.10097493036211702
2025-05-09,1280.5,1265.48,1373.3333333333333,1384.8475,-5.074999999999818,1191.5,1571.0,-0.10171869519466858
2025-05-12,1378.5,1268.66,1372.71,1384.915,-4.5775000000001,1191.5,1571.0,-0.03229203229203226
2025-05-13,1393.0,1271.82,1372.03,1384.965,-4.259999999999991,1191.5,1571.0,-0.023141654978962145
2025-05-14,1367.0,1274.93,1371.0833333333333,1384.96,-3.8424999999999727,1191.5,1571.0,-0.055286800276433956
2025-05-15,1359.0,1278.17,1370.2833333333333,1384.7975,-3.697499999999991,1191.5,1571.0,-0.07361963190184051
2025-05-16,1353.5,1281.41,1369.4,1384.5875,-3.740000000000009,1191.5,1571.0,-0.06039569593891014
2025-05-19,1345.5,1284.3,1368.4466666666667,1384.3775,-3.7899999999999636,1191.5,1571.0,-0.07937050975025661
2025-05-20,1342.0,1286.99,1367.29,1384.1275,-3.7224999999998545,1191.5,1571.0,-0.0852079072937969
2025-05-21,1330.0,1289.29,1365.7433333333333,1383.8025,-3.697499999999991,1191.5,1571.0,-0.13720402205643856
2025-05-22,1321.5,1291.37,1364.1533333333334,1383.5125,-3.5149999999998727,1191.5,1571.0,-0.06210078069552871
2025-05-23,1322.0,1292.54,1362.8133333333333,1383.2175,-3.410000000000082,1191.5,1571.0,-0.06539413220219159
2025-05-26,1339.5,1293.99,1361.27,1382.98,-3.4224999999999,1191.5,1571.0,-0.07525025888850534
2025-05-27,1347.0,1295.9,1359.7833333333333,1382.6575,-3.7325000000000728,1191.5,1571.0,-0.044680851063829796
2025-05-28,1350.0,1298.0,1358.5366666666666,1382.375,-3.9449999999999363,1191.5,1571.0,-0.04661016949152541
2025-05-29,1361.0,1300.06,1357.33,1382.0975,-4.157500000000027,1191.5,1571.0,-0.04356992269852422
2025-05-30,1371.5,1302.05,1356.3666666666666,1382.04,-4.105000000000018,1191.5,1571.0,-0.026614620298083702
2025-06-02,1365.5,1303.82,1355.4066666666668,1382.06,-3.8724999999999454,1191.5,1571.0,0.0010997067448681452
2025-06-03,1358.0,1305.22,1354.4433333333334,1381.875,-3.832499999999982,1191.5,1571.0,-0.002936857562408246
2025-06-04,1355.5,1306.68,1353.3533333333332,1381.8375,-3.6074999999998454,1191.5,1571.0,-0.008049762166117858
2025-06-05,1348.0,1308.07,1352.2633333333333,1381.7075,-3.464999999999918,1191.5,1571.0,0.004096834264432081
2025-06-06,1337.0,1308.96,1351.1433333333334,1381.3,-3.5475000000001273,1191.5,1571.0,-0.004096834264432081
2025-06-09,1348.5,1310.2,1350.2533333333333,1381.0475,-3.8675000000000637,1191.5,1571.0,0.004095309009679804
2025-06-10,1353.0,1311.32,1349.3833333333334,1380.8275,-4.137499999999818,1191.5,1571.0,0.03203661327231111
2025-06-11,1359.5,1312.83,1348.5133333333333,1380.6,-4.360000000000127,1191.5,1571.0,0.023719879518072196
2025-06-12,1352.5,1314.43,1347.5433333333333,1380.3175,-4.479999999999791,1191.5,1571.0,0.009328358208955168
2025-06-13,1333.0,1315.35,1346.47,1379.785,-4.802500000000009,1191.5,1571.0,-0.03265602322206096
2025-06-16,1331.5,1316.83,1345.35,1379.3175,-5.059999999999945,1191.5,1571.0,-0.03444525018129074
2025-06-17,1326.0,1317.91,1344.3966666666668,1378.6825,-5.445000000000164,1191.5,1571.0,-0.03493449781659386
2025-06-18,1325.5,1318.95,1343.3866666666668,1378.1625,-5.6400000000001,1191.5,1571.0,-0.02536764705882355
2025-06-19,1322.0,1321.39,1342.4466666666667,1377.5325,-5.980000000000018,1191.5,1571.0,-0.021465581051073324
2025-06-20,1328.5,1323.25,1341.5166666666667,1376.935,-6.282500000000027,1191.5,1571.0,-0.010428305400372428
2025-06-23,1329.0,1325.09,1340.4633333333334,1376.265,-6.714999999999918,1191.5,1571.0,-0.007468259895444307
2025-06-24,1320.5,1325.59,1339.6233333333332,1375.4075,-7.25,1191.5,1571.0,-0.016020864381520172
2025-06-25,1300.5,1326.19,1339.17,1374.555,-7.819999999999936,1191.5,1571.0,-0.017006802721088454
2025-06-26,1290.5,1326.14,1338.5566666666666,1373.67,-8.427500000000009,1191.5,1571.0,-0.043365455893254246
2025-06-27,1283.5,1326.03,1337.9266666666667,1372.725,-9.315000000000055,1191.5,1571.0,-0.052767527675276704
2025-06-30,1280.0,1325.89,1337.3666666666666,1371.8875,-10.1724999999999,1191.5,1571.0,-0.05500184569952016
2025-07-01,1278.0,1326.01,1336.71,1370.95,-10.924999999999955,1191.5,1571.0,-0.03364839319470703
2025-07-02,1276.0,1325.91,1336.07,1370.1575,-11.680000000000064,1191.5,1571.0,-0.03260045489006824
2025-07-03,1278.5,1325.98,1335.44,1369.27,-12.4375,1191.5,1571.0,-0.0426806439535754
2025-07-04,1264.0,1325.56,1334.7833333333333,1368.255,-13.044999999999845,1191.5,1571.0,-0.06439674315321986
2025-07-07,1262.5,1324.9,1334.16,1367.4725,-13.574999999999818,1191.5,1571.0,-0.07813070463672878
2025-07-08,1258.5,1323.97,1333.45,1366.645,-14.182500000000118,1191.5,1571.0,-0.07802197802197797
2025-07-09,1277.5,1323.24,1332.7433333333333,1365.975,-14.625,1191.5,1571.0,-0.04699738903394257
2025-07-10,1271.0,1322.56,1332.1833333333334,1365.235,-15.08250000000021,1191.5,1571.0,-0.027915869980879582
2025-07-11,1281.5,1322.1,1331.5633333333333,1364.6425,-15.142500000000155,1191.5,1571.0,-0.0350150602409639
2025-07-14,1277.5,1321.97,1330.97,1363.8275,-15.490000000000009,1191.5,1571.0,-0.03072837632776937
2025-07-15,1262.0,1321.51,1330.17,1362.9,-15.7824999999998,1191.5,1571.0,-0.04862419901997739
2025-07-16,1242.5,1320.6,1329.1866666666667,1361.8575,-16.304999999999836,1191.5,1571.0,-0.0633245382585752
2025-07-17,1251.5,1319.81,1328.2366666666667,1360.83,-16.7025000000001,1191.5,1571.0,-0.05902255639097742
2025-07-18,1247.5,1319.15,1327.2333333333333,1359.7875,-17.147500000000036,1191.5,1571.0,-0.06937709809772474
2025-07-22,1237.5,1316.33,1326.1166666666666,1358.615,-17.65000000000009,1191.5,1571.0,-0.08026755852842804
2025-07-23,1256.5,1313.6,1324.8933333333334,1357.4225,-17.985000000000127,1191.5,1571.0,-0.06614641397250098
2025-07-24,1286.5,1311.99,1323.8466666666666,1356.31,-18.24500000000012,1191.5,1571.0,-0.05750915750915753
2025-07-25,1278.5,1310.38,1322.6366666666668,1355.3075,-18.362500000000182,1191.5,1571.0,-0.0755603759942155
2025-07-28,1279.0,1308.89,1321.41,1354.2725,-18.452499999999873,1191.5,1571.0,-0.0650584795321637
2025-07-29,1280.0,1307.58,1320.1266666666668,1353.23,-18.657500000000027,1191.5,1571.0,-0.08012935680919875
2025-07-30,1268.5,1306.11,1318.9,1351.995,-18.955000000000155,1191.5,1571.0,-0.09100680759584379
2025-07-31,1278.5,1305.08,1317.7233333333334,1350.5775,-19.579999999999927,1191.5,1571.0,-0.07855855855855853
2025-08-01,1293.0,1304.51,1316.6666666666667,1349.2425,-20.027499999999918,1191.5,1571.0,-0.07112068965517238
2025-08-04,1299.0,1304.05,1315.47,1348.1225,-20.132500000000164,1191.5,1571.0,-0.0688172043010753
2025-08-05,1295.5,1303.17,1314.35,1346.745,-20.72750000000019,1191.5,1571.0,-0.06089162740123233
2025-08-06,1304.0,1302.31,1313.3733333333332,1345.415,-21.230000000000018,1191.5,1571.0,-0.055756698044895026
2025-08-07,1300.0,1301.31,1312.44,1344.23,-21.74499999999989,1191.5,1571.0,-0.0627253064167268
2025-08-08,1343.0,1300.95,1311.8733333333332,1343.235,-22.0,1191.5,1571.0,-0.04852993269571382
2025-08-12,1344.0,1300.4,1311.2366666666667,1342.375,-22.267499999999927,1191.5,1571.0,-0.04443654461429081
2025-08-13,1330.0,1299.69,1310.5333333333333,1341.4775,-22.350000000000136,1191.5,1571.0,-0.061066007765619434
2025-08-14,1325.0,1299.03,1309.84,1340.59,-22.310000000000173,1191.5,1571.0,-0.041937816341287015
2025-08-15,1309.5,1298.11,1309.1833333333334,1339.5425,-22.315000000000055,1191.5,1571.0,-0.03819316929856775
2025-08-18,1311.5,1297.38,1308.5066666666667,1338.5425,-22.28749999999991,1191.5,1571.0,-0.05985663082437276
2025-08-19,1330.0,1297.24,1308.0133333333333,1337.6675,-22.11999999999989,1191.5,1571.0,-0.02421129860601612
2025-08-20,1354.0,1297.35,1307.7066666666667,1337.0275,-21.58750000000009,1191.5,1571.0,-0.01455604075691408
2025-08-21,1333.0,1296.95,1307.13,1336.275,-21.14749999999981,1191.5,1571.0,-0.06027493831512165
2025-08-22,1315.5,1296.07,1306.58,1335.4025,-20.907500000000027,1191.5,1571.0,-0.05968548963545395
2025-08-25,1304.5,1295.11,1305.94,1334.435,-20.872499999999945,1191.5,1571.0,-0.06621331424481036
2025-08-26,1290.0,1294.25,1305.3533333333332,1333.415,-20.857500000000073,1191.5,1571.0,-0.08185053380782914
2025-08-27,1281.5,1293.25,1304.6133333333332,1332.325,-20.904999999999973,1191.5,1571.0,-0.09048970901348474
2025-08-28,1283.0,1292.39,1303.9433333333334,1331.395,-20.59999999999991,1191.5,1571.0,-0.10871830496700241
2025-08-29,1293.5,1291.75,1303.2866666666666,1330.4775,-20.100000000000136,1191.5,1571.0,-0.09228070175438596
2025-09-01,1296.5,1291.24,1302.6533333333334,1329.645,-19.597500000000082,1191.5,1571.0,-0.10770818995182385
2025-09-02,1300.0,1290.67,1302.0866666666666,1328.805,-19.31749999999988,1191.5,1571.0,-0.09059111577474643
2025-09-03,1319.0,1290.47,1301.5133333333333,1327.965,-18.779999999999973,1191.5,1571.0,-0.08908839779005528
2025-09-04,1324.0,1290.54,1300.75,1327.3525,-18.0625,1191.5,1571.0,-0.08563535911602205
2025-09-05,1306.5,1290.66,1299.8433333333332,1327.0425,-17.1875,1191.5,1571.0,-0.10697197539302805
2025-09-08,1308.0,1291.01,1299.0433333333333,1326.67,-16.564999999999827,1191.5,1571.0,-0.1233243967828418
2025-09-09,1321.5,1291.77,1298.3366666666666,1326.3875,-15.987499999999955,1191.5,1571.0,-0.10163154316791301
2025-09-10,1306.0,1292.29,1297.61,1326.0975,-15.379999999999882,1191.5,1571.0,-0.11005110732538326
2025-09-11,1312.5,1292.98,1297.1033333333332,1325.7775,-14.8125,1191.5,1571.0,-0.10865874363327677
2025-09-12,1312.0,1293.7,1296.5866666666666,1325.4775,-14.065000000000055,1191.5,1571.0,-0.09360967184801383
2025-09-16,1313.5,1294.4,1296.1333333333334,1325.18,-13.362499999999955,1191.5,1571.0,-0.1037188672807915
2025-09-17,1315.5,1295.43,1295.68,1324.945,-12.722500000000082,1191.5,1571.0,-0.08295573370512377
2025-09-18,1319.5,1296.57,1295.3933333333334,1324.7625,-12.264999999999873,1191.5,1571.0,-0.09375
2025-09-19,1313.5,1297.67,1294.9533333333334,1324.505,-11.769999999999982,1191.5,1571.0,-0.10463531015678251
2025-09-22,1330.0,1298.72,1294.5766666666666,1324.2375,-11.164999999999964,1191.5,1571.0,-0.06272022551092316
2025-09-24,1354.5,1300.39,1294.2266666666667,1324.235,-10.200000000000045,1191.5,1571.0,-0.0488061797752809
2025-09-25,1345.0,1301.66,1294.01,1324.0875,-9.327499999999873,1191.5,1571.0,-0.04711300035423305
2025-09-26,1360.0,1303.31,1294.9966666666667,1324.055,-8.269999999999982,1191.5,1571.0,-0.041578576462297345
2025-09-29,1336.0,1304.79,1295.96,1323.825,-7.569999999999936,1191.5,1571.0,-0.04571428571428571
2025-09-30,1335.5,1306.65,1296.63,1323.5525,-6.9249999999999545,1191.5,1571.0,-0.07289135716765016
2025-10-01,1329.5,1308.21,1297.34,1323.23,-6.414999999999964,1191.5,1571.0,-0.08151986183074267
2025-10-02,1328.5,1309.83,1298.1533333333334,1322.8825,-5.922500000000127,1191.5,1571.0,-0.0844245348035837
2025-10-03,1318.5,1311.45,1298.8133333333333,1322.45,-5.514999999999873,1191.5,1571.0,-0.09505833905284833
2025-10-06,1327.5,1312.87,1299.43,1321.8875,-5.464999999999918,1191.5,1571.0,-0.08825549450549453
2025-10-07,1336.5,1313.87,1300.2633333333333,1321.3525,-5.690000000000055,1191.5,1571.0,-0.0920516304347826
2025-10-08,1347.5,1315.25,1301.2666666666667,1320.79,-5.880000000000109,1191.5,1571.0,-0.09866220735785958
2025-10-09,1328.0,1316.23,1302.1766666666667,1320.115,-6.272500000000036,1191.5,1571.0,-0.11994698475811794
2025-10-10,1351.0,1317.65,1303.1766666666667,1319.5075,-6.5900000000001455,1191.5,1571.0,-0.08654496281271129
2025-10-14,1307.5,1318.43,1303.8433333333332,1318.7825,-6.994999999999891,1191.5,1571.0,-0.12012113055181695
2025-10-15,1307.5,1319.01,1304.46,1318.045,-7.432499999999891,1191.5,1571.0,-0.12159892509237491
2025-10-16,1309.0,1319.33,1305.07,1317.3325,-7.847500000000082,1191.5,1571.0,-0.1362586605080831
2025-10-17,1326.0,1319.87,1305.4866666666667,1316.57,-8.375,1191.5,1571.0,-0.1510883482714469
2025-10-20,1324.0,1320.44,1305.8666666666666,1315.8725,-8.8900000000001,1191.5,1571.0,-0.1512820512820513
2025-10-21,1328.5,1320.93,1306.38,1315.2625,-9.242500000000064,1191.5,1571.0,-0.12770847012475373
2025-10-22,1341.5,1321.76,1307.0233333333333,1314.77,-9.467499999999973,1191.5,1570.0,-0.14608529598981546
2025-10-23,1347.5,1321.85,1307.62,1314.3675,-9.867499999999836,1191.5,1542.0,-0.14171974522292996
2025-10-24,1338.5,1321.74,1308.0633333333333,1313.8625,-10.225000000000136,1191.5,1542.0,-0.12914769030579054
2025-10-27,1356.0,1322.26,1308.59,1313.465,-10.590000000000146,1191.5,1519.0,-0.12062256809338523
2025-10-28,1338.0,1322.52,1308.9233333333334,1313.01,-10.815000000000055,1191.5,1519.0,-0.11741424802110823
2025-10-29,1303.5,1322.4,1309.0633333333333,1312.4875,-11.065000000000055,1191.5,1519.0,-0.1364690294799602
2025-10-30,1319.0,1322.55,1309.3333333333333,1312.0175,-11.212500000000091,1191.5,1519.0,-0.12212978369384364
2025-10-31,1328.0,1322.51,1309.57,1311.6375,-11.24499999999989,1191.5,1511.5,-0.12574061882817644
2025-11-04,1346.0,1322.35,1309.9666666666667,1311.3675,-11.082499999999982,1191.5,1505.0,-0.10949388025140594
2025-11-05,1340.0,1322.49,1310.2533333333333,1310.97,-10.917500000000018,1191.5,1499.5,-0.10963455149501666
2025-11-06,1325.5,1322.69,1310.53,1310.6075,-10.74499999999989,1191.5,1499.5,-0.1056005398110661
2025-11-07,1328.5,1323.17,1310.9033333333334,1310.2475,-10.542500000000018,1191.5,1499.5,-0.10448264239973037
2025-11-10,1320.5,1323.78,1311.1266666666668,1309.96,-10.154999999999973,1191.5,1499.5,-0.11375838926174497
2025-11-11,1317.0,1324.49,1311.5233333333333,1309.5825,-9.924999999999955,1191.5,1499.5,-0.12082777036048065
2025-11-12,1317.0,1325.17,1311.8233333333333,1309.25,-9.532500000000027,1191.5,1499.5,-0.11847389558232935
2025-11-13,1333.5,1325.97,1312.2233333333334,1308.9575,-9.087500000000091,1191.5,1487.0,-0.11070356785595203
2025-11-14,1331.0,1326.66,1313.0966666666666,1308.655,-8.677500000000009,1191.5,1487.0,-0.09394145677331522
2025-11-17,1317.5,1327.01,1313.6433333333334,1308.3175,-8.252499999999827,1191.5,1487.0,-0.10798916723087337
2025-11-18,1303.0,1326.69,1314.0833333333333,1307.8075,-8.065000000000055,1191.5,1487.0,-0.10936431989063566
2025-11-19,1305.5,1326.32,1314.15,1307.1425,-8.120000000000118,1191.5,1487.0,-0.11069482288828336
2025-11-20,1305.0,1326.29,1314.38,1306.455,-8.315000000000055,1191.5,1478.5,-0.12239408204438462
2025-11-21,1333.0,1326.79,1314.6466666666668,1305.98,-8.387500000000045,1191.5,1478.5,-0.07846526097476669
2025-11-25,1329.5,1326.95,1314.9166666666667,1305.49,-8.372499999999945,1191.5,1478.5,-0.02849835586408478
2025-11-26,1338.5,1327.6,1315.26,1305.1075,-8.357499999999845,1191.5,1478.5,-0.031826401446654606
2025-11-27,1332.0,1327.99,1315.66,1304.825,-8.184999999999945,1191.5,1478.5,-0.03338171262699563
2025-11-28,1343.0,1328.61,1316.0733333333333,1304.5925,-7.894999999999982,1191.5,1478.5,-0.015395894428152479
2025-12-01,1335.0,1329.04,1316.4733333333334,1304.36,-7.657500000000027,1191.5,1478.5,-0.030148928441699918
2025-12-02,1342.0,1329.57,1316.8533333333332,1304.1525,-7.485000000000127,1191.5,1478.5,-0.02186588921282795
2025-12-03,1333.5,1329.85,1317.1066666666666,1304.0075,-7.360000000000127,1191.5,1478.5,-0.028769118718135478
2025-12-04,1330.5,1330.19,1317.2766666666666,1303.7625,-7.207499999999982,1191.5,1478.5,-0.02348623853211007
2025-12-05,1334.5,1330.28,1317.4133333333334,1303.5025,-7.105000000000018,1191.5,1478.5,-0.01585545722713866
2025-12-08,1334.5,1329.88,1317.61,1303.14,-7.107499999999845,1191.5,1478.5,-0.022344322344322376
2025-12-09,1320.0,1329.38,1317.7133333333334,1302.8525,-7.107500000000073,1191.5,1478.5,-0.045898084568124276
2025-12-10,1343.0,1329.04,1318.1066666666666,1303.5075,-6.0750000000000455,1191.5,1478.5,-0.0088560885608856
2025-12-11,1335.0,1329.02,1318.44,1304.225,-5.025000000000091,1191.5,1478.5,-0.028737722808293897
2025-12-12,1337.0,1329.05,1318.7666666666667,1304.735,-4.222500000000082,1191.5,1478.5,-0.021587998536406916
2025-12-15,1335.0,1329.16,1319.06,1305.295,-3.3599999999999,1191.5,1478.5,-0.03400868306801741
2025-12-16,1333.0,1329.25,1319.41,1305.9275,-2.3900000000001,1191.5,1478.5,-0.041007194244604306
2025-12-17,1324.0,1329.36,1319.0466666666666,1306.45,-1.3574999999998454,1191.5,1478.5,-0.050215208034433245
2025-12-18,1320.0,1329.21,1318.56,1306.875,-0.26749999999992724,1191.5,1478.5,-0.05579399141630903
2025-12-19,1314.0,1328.76,1318.2066666666667,1307.3875,0.9325000000001182,1191.5,1478.5,-0.0647686832740213
2025-12-22,1316.0,1328.13,1317.92,1307.9825,2.0025000000000546,1191.5,1478.5,-0.08611111111111114
2025-12-23,1326.0,1328.09,1317.7366666666667,1308.655,3.1649999999999636,1191.5,1478.5,-0.08139937651541396
2025-12-24,1329.5,1327.66,1317.63,1309.2975,4.189999999999827,1191.5,1478.5,-0.08938356164383565
2025-12-25,1346.0,1328.43,1317.6566666666668,1309.99,5.164999999999964,1191.5,1478.5,-0.07997265892002736
2025-12-26,1343.0,1329.14,1317.7433333333333,1310.63,6.037500000000136,1191.5,1478.5,-0.08794567062818337
2025-12-29,1312.0,1329.2,1317.68,1311.1025,6.742500000000064,1191.5,1478.5,-0.09672977624784851
2025-12-30,1302.0,1328.72,1317.5466666666666,1311.295,7.142500000000155,1191.5,1478.5,-0.10515463917525769
2026-01-05,1310.5,1328.45,1317.3533333333332,1311.5125,7.505000000000109,1191.5,1478.5,-0.09714088873579052
2026-01-06,1317.5,1328.23,1317.1566666666668,1311.8425,8.079999999999927,1191.5,1463.5,-0.1088941494758201
2026-01-07,1327.0,1327.94,1317.0033333333333,1312.2525,8.75,1191.5,1450.5,-0.0932695592757089
2026-01-08,1313.0,1327.25,1316.6833333333334,1312.5275,9.387499999999818,1191.5,1442.5,-0.09479489831092724
2026-01-09,1315.0,1326.78,1316.3066666666666,1312.7425,9.8900000000001,1191.5,1442.5,-0.08680555555555558
2026-01-13,1323.0,1326.12,1316.0233333333333,1312.9725,9.465000000000146,1191.5,1442.5,-0.07352941176470584
2026-01-14,1341.0,1326.18,1315.91,1313.2375,9.012500000000045,1191.5,1442.5,-0.06842653699201107
2026-01-15,1356.0,1327.23,1315.9133333333334,1313.605,8.870000000000118,1191.5,1442.5,-0.05538140020898641
2026-01-16,1354.0,1327.93,1315.9533333333334,1313.9825,8.6875,1191.5,1442.5,-0.05248425472358298
2026-01-19,1362.5,1328.62,1316.1233333333332,1314.3325,8.404999999999973,1191.5,1442.5,-0.03231534090909094
2026-01-20,1375.5,1329.21,1316.3033333333333,1314.7775,8.327499999999873,1191.5,1442.5,-0.026539278131634814
2026-01-21,1365.0,1329.71,1316.3833333333334,1315.1175,8.242500000000064,1191.5,1442.5,-0.02777777777777779
2026-01-22,1383.5,1330.87,1316.5433333333333,1315.615,8.227499999999964,1191.5,1442.5,-0.011785714285714288
2026-01-23,1391.5,1332.13,1316.8033333333333,1316.21,8.227499999999964,1191.5,1442.5,-0.01972525537160974
2026-01-26,1365.5,1333.03,1317.02,1316.6025,7.947499999999991,1191.5,1442.5,-0.023247496423462133
2026-01-27,1360.0,1333.89,1317.21,1317.115,7.817500000000109,1191.5,1442.5,-0.028918243484469808
2026-01-28,1345.5,1334.46,1317.34,1317.4825,7.492500000000064,1191.5,1442.5,-0.02358490566037741
2026-01-29,1341.0,1334.61,1317.4433333333334,1317.82,7.189999999999827,1191.5,1442.5,-0.03698384201077198
2026-01-30,1351.5,1335.02,1317.64,1318.5775,7.475000000000136,1191.5,1442.5,-0.023129743404409098
2026-02-02,1370.5,1336.08,1317.92,1319.2525,7.957499999999982,1191.5,1442.5,-0.015445402298850608
2026-02-03,1368.5,1337.39,1318.1833333333334,1319.91,8.397500000000036,1191.5,1442.5,-0.016528925619834656
