date,close,sma50,sma150,sma200,sma200_slope,low_52w,high_52w,return_52w
2020-12-18,1928.0,,,,,,,
2020-12-21,1924.0,,,,,,,
2020-12-22,1920.0,,,,,,,
2020-12-23,1923.0,,,,,,,
2020-12-24,1911.0,,,,,,,
2020-12-25,1911.0,,,,,,,
2020-12-28,1902.0,,,,,,,
2020-12-29,1909.0,,,,,,,
2020-12-30,1911.0,,,,,,,
2021-01-04,1911.0,,,,,,,
2021-01-05,1924.0,,,,,,,
2021-01-06,1939.0,,,,,,,
2021-01-07,1962.0,,,,,,,
2021-01-08,1972.0,,,,,,,
2021-01-12,1989.0,,,,,,,
2021-01-13,2010.0,,,,,,,
2021-01-14,2046.0,,,,,,,
2021-01-15,2067.0,,,,,,,
2021-01-18,2060.0,,,,,,,
2021-01-19,2072.0,,,,,,,
2021-01-20,2075.0,,,,,,,
2021-01-21,2068.0,,,,,,,
2021-01-22,2075.0,,,,,,,
2021-01-25,2095.0,,,,,,,
2021-01-26,2080.0,,,,,,,
2021-01-27,2050.0,,,,,,,
2021-01-28,2050.0,,,,,,,
2021-01-29,2040.0,,,,,,,
2021-02-01,2000.0,,,,,,,
2021-02-02,1999.0,,,,,,,
2021-02-03,2011.0,,,,,,,
2021-02-04,2012.0,,,,,,,
2021-02-05,2037.0,,,,,,,
2021-02-08,2031.0,,,,,,,
2021-02-09,2051.0,,,,,,,
2021-02-10,2042.0,,,,,,,
2021-02-12,2068.0,,,,,,,
2021-02-15,2095.0,,,,,,,
2021-02-16,2098.0,,,,,,,
2021-02-17,2085.0,,,,,,,
2021-02-18,2077.0,,,,,,,
2021-02-19,2070.0,,,,,,,
2021-02-22,2082.0,,,,,,,
2021-02-24,2097.0,,,,,,,
2021-02-25,2106.0,,,,,,,
2021-02-26,2107.0,,,,,,,
2021-03-01,2071.0,,,,,,,
2021-03-02,2100.0,,,,,,,
2021-03-03,2100.0,,,,,,,
2021-03-04,2102.0,2023.3,,,,,,
2021-03-05,2082.0,2026.38,,,,,,
2021-03-08,2100.0,2029.9,,,,,,
2021-03-09,2117.0,2033.84,,,,,,
2021-03-10,2112.0,2037.62,,,,,,
2021-03-11,2100.0,2041.4,,,,,,
2021-03-12,2090.0,2044.98,,,,,,
2021-03-15,2100.0,2048.94,,,,,,
2021-03-16,2117.0,2053.1,,,,,,
2021-03-17,2125.0,2057.38,,,,,,
2021-03-18,2126.0,2061.68,,,,,,
2021-03-19,2142.0,2066.04,,,,,,
2021-03-22,2148.0,2070.22,,,,,,
2021-03-23,2166.0,2074.3,,,,,,
2021-03-24,2160.0,2078.06,,,,,,
2021-03-25,2173.0,2081.74,,,,,,
2021-03-26,2191.0,2085.36,,,,,,
2021-03-29,2185.0,2088.14,,,,,,
2021-03-30,2060.0,2088.0,,,,,,
2021-03-31,2054.0,2087.88,,,,,,
2021-04-01,2046.0,2087.36,,,,,,
2021-04-02,2023.0,2086.32,,,,,,
2021-04-05,2012.0,2085.2,,,,,,
2021-04-06,2006.0,2083.82,,,,,,
2021-04-07,2005.0,2082.02,,,,,,
2021-04-08,2007.0,2080.56,,,,,,
2021-04-09,2003.0,2079.62,,,,,,
2021-04-12,2009.0,2078.8,,,,,,
2021-04-13,2003.0,2078.06,,,,,,
2021-04-14,2000.0,2078.06,,,,,,
2021-04-15,2003.0,2078.14,,,,,,
2021-04-16,2007.0,2078.06,,,,,,
2021-04-19,2008.0,2077.98,,,,,,
2021-04-20,2007.0,2077.38,,,,,,
2021-04-21,2006.0,2076.88,,,,,,
2021-04-22,2001.0,2075.88,,,,,,
2021-04-23,2004.0,2075.12,,,,,,
2021-04-26,1997.0,2073.7,,,,,,
2021-04-27,1999.0,2071.78,,,,,,
2021-04-28,2005.0,2069.92,,,,,,
2021-04-30,1991.0,2068.04,,,,,,
2021-05-06,2008.0,2066.66,,,,,,
2021-05-07,2008.0,2065.42,,,,,,
2021-05-10,1993.0,2063.64,,,,,,
2021-05-11,1992.0,2061.54,,,,,,
2021-05-12,1985.0,2059.12,,,,,,
2021-05-13,1986.0,2056.7,,,,,,
2021-05-14,1995.0,2055.18,,,,,,
2021-05-17,1995.0,2053.08,,,,,,
2021-05-18,1987.0,2050.82,,,,,,
2021-05-19,1989.0,2048.56,,,,,,
2021-05-20,1981.0,2046.54,,,,,,
2021-05-21,1988.0,2044.3,,,,,,
2021-05-24,1992.0,2041.8,,,,,,
2021-05-25,1985.0,2039.26,,,,,,
2021-05-26,1990.0,2037.06,,,,,,
2021-05-27,1984.0,2034.94,,,,,,
2021-05-28,1994.0,2032.82,,,,,,
2021-05-31,1996.0,2030.4,,,,,,
2021-06-01,2002.0,2027.94,,,,,,
2021-06-02,2007.0,2025.56,,,,,,
2021-06-03,1998.0,2022.68,,,,,,
2021-06-04,2000.0,2019.72,,,,,,
2021-06-07,1998.0,2016.36,,,,,,
2021-06-08,1998.0,2013.12,,,,,,
2021-06-09,2005.0,2009.76,,,,,,
2021-06-10,2005.0,2006.04,,,,,,
2021-06-11,2004.0,2002.42,,,,,,
2021-06-14,2010.0,2001.42,,,,,,
2021-06-15,2010.0,2000.54,,,,,,
2021-06-16,2005.0,1999.72,,,,,,
2021-06-17,2004.0,1999.34,,,,,,
2021-06-18,2002.0,1999.14,,,,,,
2021-06-21,1990.0,1998.82,,,,,,
2021-06-22,1990.0,1998.52,,,,,,
2021-06-23,1990.0,1998.18,,,,,,
2021-06-24,1990.0,1997.92,,,,,,
2021-06-25,1990.0,1997.54,,,,,,
2021-06-28,1990.0,1997.28,,,,,,
2021-06-29,1997.0,1997.22,,,,,,
2021-06-30,1991.0,1996.98,,,,,,
2021-07-01,1993.0,1996.7,,,,,,
2021-07-02,1992.0,1996.38,,,,,,
2021-07-05,2000.0,1996.24,,,,,,
2021-07-06,1999.0,1996.1,,,,,,
2021-07-08,1997.0,1996.02,,,,,,
2021-07-09,1997.0,1995.88,,,,,,
2021-07-12,1987.0,1995.68,,,,,,
2021-07-13,1994.0,1995.58,,,,,,
2021-07-14,1987.0,1995.22,,,,,,
2021-07-15,1999.0,1995.38,,,,,,
2021-07-16,2007.0,1995.36,,,,,,
2021-07-19,1998.0,1995.16,,,,,,
2021-07-20,1998.0,1995.26,,,,,,
2021-07-21,1992.0,1995.26,,,,,,
2021-07-26,1989.0,1995.34,,,,,,
2021-07-27,1991.0,1995.44,,,,,,
2021-07-28,1999.0,1995.52,,,,,,
2021-07-29,1990.0,1995.42,,,,,,
2021-07-30,1988.0,1995.44,,,,,,
2021-08-02,1984.0,1995.34,2022.4,,,,,
2021-08-03,1983.0,1995.38,2022.7666666666667,,,,,
2021-08-04,1975.0,1995.12,2023.1066666666666,,,,,
2021-08-05,1959.0,1994.46,2023.3666666666666,,,,,
2021-08-06,1958.0,1993.92,2023.6,,,,,
2021-08-10,1940.0,1992.92,2023.7933333333333,,,,,
2021-08-11,1917.0,1991.58,2023.8333333333333,,,,,
2021-08-12,1920.0,1990.1,2023.9533333333334,,,,,
2021-08-13,1944.0,1989.06,2024.1866666666667,,,,,
2021-08-16,1908.0,1987.18,2024.1666666666667,,,,,
2021-08-17,1904.0,1985.12,2024.12,,,,,
2021-08-18,1902.0,1983.2,2023.9733333333334,,,,,
2021-08-19,1901.0,1981.22,2023.72,,,,,
2021-08-20,1901.0,1979.28,2023.3133333333333,,,,,
2021-08-23,1913.0,1977.58,2022.92,,,,,
2021-08-24,1907.0,1975.62,2022.3733333333332,,,,,
2021-08-25,1914.0,1973.8,2021.7333333333333,,,,,
2021-08-26,1914.0,1972.0,2020.8533333333332,,,,,
2021-08-27,1911.0,1970.02,2019.8133333333333,,,,,
2021-08-30,1913.0,1968.08,2018.8333333333333,,,,,
2021-08-31,1920.0,1966.38,2017.82,,,,,
2021-09-01,1918.0,1964.66,2016.7733333333333,,,,,
2021-09-02,1902.0,1962.66,2015.6666666666667,,,,,
2021-09-03,1907.0,1961.0,2014.5466666666666,,,,,
2021-09-06,1903.0,1959.26,2013.2666666666667,,,,,
2021-09-07,1903.0,1957.52,2012.0866666666666,,,,,
2021-09-08,1912.0,1955.96,2011.1666666666667,,,,,
2021-09-09,1906.0,1954.28,2010.2066666666667,,,,,
2021-09-10,1905.0,1952.58,2009.3066666666666,,,,,
2021-09-13,1912.0,1950.88,2008.72,,,,,
2021-09-14,1909.0,1949.24,2008.12,,,,,
2021-09-15,1909.0,1947.56,2007.44,,,,,
2021-09-16,1912.0,1945.96,2006.7733333333333,,,,,
2021-09-17,1909.0,1944.14,2005.92,,,,,
2021-09-21,1907.0,1942.3,2005.0933333333332,,,,,
2021-09-22,1904.0,1940.44,2004.1133333333332,,,,,
2021-09-24,1905.0,1938.6,2003.2,,,,,
2021-09-27,1905.0,1936.96,2002.1133333333332,,,,,
2021-09-28,1902.0,1935.12,2000.8266666666666,,,,,
2021-09-29,1904.0,1933.46,1999.5333333333333,,,,,
2021-09-30,1912.0,1931.72,1998.38,,,,,
2021-10-01,1907.0,1929.72,1997.2466666666667,,,,,
2021-10-04,1917.0,1928.1,1996.2266666666667,,,,,
2021-10-05,1905.0,1926.24,1995.0466666666666,,,,,
2021-10-06,1906.0,1924.52,1993.7733333333333,,,,,
2021-10-07,1905.0,1922.84,1992.4333333333334,,,,,
2021-10-08,1901.0,1921.04,1991.06,,,,,
2021-10-11,1901.0,1919.08,1989.9266666666667,,,,,
2021-10-12,1903.0,1917.34,1988.6133333333332,,,,,
2021-10-13,1902.0,1915.62,1987.2933333333333,,,,,
2021-10-14,1901.0,1913.96,1985.9533333333334,1995.29,,,,
2021-10-15,1907.0,1912.44,1984.7866666666666,1995.185,,,,
2021-10-18,1903.0,1911.0,1983.4733333333334,1995.08,,,,
2021-10-19,1906.0,1909.94,1982.0666666666666,1995.01,,,,
2021-10-20,1906.0,1908.9,1980.6933333333334,1994.925,,,,
2021-10-21,1905.0,1908.2,1979.3933333333334,1994.895,,,,
2021-10-22,1907.0,1908.0,1978.1733333333334,1994.875,,,,
2021-10-25,1912.0,1907.84,1976.92,1994.925,,,,
2021-10-26,1911.0,1907.18,1975.5466666666666,1994.935,,,,
2021-10-27,1914.0,1907.3,1974.14,1994.95,,,,
2021-10-28,1918.0,1907.58,1972.7533333333333,1994.985,,,,
2021-10-29,1917.0,1907.88,1971.2533333333333,1994.95,,,,
2021-11-01,1908.0,1908.02,1969.6533333333334,1994.795,,,,
2021-11-02,1909.0,1908.18,1967.94,1994.53,,,,
2021-11-04,1909.0,1908.1,1966.2666666666667,1994.215,,,,
2021-11-05,1910.0,1908.16,1964.5133333333333,1993.82,,,,
2021-11-08,1906.0,1908.0,1962.6133333333332,1993.3,,,,
2021-11-09,1915.0,1908.02,1960.8133333333333,1992.645,,,,
2021-11-10,1912.0,1908.04,1959.8266666666666,1991.87,,,,
2021-11-11,1915.0,1908.08,1958.9,1991.145,,,,
2021-11-12,1918.0,1908.04,1958.0466666666666,1990.375,-4.914999999999964,,,
2021-11-15,1919.0,1908.06,1957.3533333333332,1989.595,-5.589999999999918,,,
2021-11-16,1926.0,1908.54,1956.78,1988.885,-6.194999999999936,,,
2021-11-17,1915.0,1908.7,1956.1733333333334,1988.085,-6.9249999999999545,,,
2021-11-18,1945.0,1909.54,1955.7733333333333,1987.335,-7.589999999999918,,,
2021-11-19,1924.0,1909.96,1955.22,1986.555,-8.339999999999918,,,
2021-11-22,1931.0,1910.34,1954.74,1985.96,-8.914999999999964,,,
2021-11-24,1941.0,1911.04,1954.2866666666666,1985.415,-9.509999999999991,,,
2021-11-25,2000.0,1912.94,1954.2666666666667,1985.215,-9.720000000000027,,,
2021-11-26,1968.0,1914.06,1954.0533333333333,1985.055,-9.894999999999982,,,
2021-11-29,1941.0,1914.7,1953.64,1984.765,-10.2199999999998,,,
2021-11-30,1932.0,1915.16,1953.14,1984.37,-10.580000000000155,,,
2021-12-01,1931.0,1915.54,1952.6266666666668,1983.965,-10.830000000000155,,,
2021-12-02,1924.0,1915.84,1952.0733333333333,1983.4,-11.129999999999882,,,
2021-12-03,1940.0,1916.5,1951.6333333333334,1982.945,-11.269999999999982,,,
2021-12-06,1950.0,1917.42,1951.2933333333333,1982.44,-11.379999999999882,,,
2021-12-07,1932.0,1917.96,1950.8133333333333,1981.89,-11.409999999999854,,,
2021-12-08,1930.0,1918.46,1950.3666666666666,1981.2,-11.444999999999936,,,
2021-12-09,1926.0,1918.94,1949.88,1980.355,-11.514999999999873,,,
2021-12-10,1926.0,1919.38,1949.3533333333332,1979.495,-11.650000000000091,,,
2021-12-13,1914.0,1919.42,1948.84,1978.64,-11.7349999999999,,,
2021-12-14,1910.0,1919.48,1948.1866666666667,1977.805,-11.789999999999964,,,
2021-12-15,1905.0,1919.24,1947.5,1976.98,-11.904999999999973,,,
2021-12-16,1903.0,1919.2,1946.9,1976.085,-12.0,,,
2021-12-17,1902.0,1919.12,1946.3,1975.11,-12.225000000000136,,,
2021-12-20,1903.0,1919.08,1945.7533333333333,1974.095,-12.460000000000036,,,
2021-12-21,1905.0,1919.16,1945.2133333333334,1973.085,-12.875,,,
2021-12-22,1903.0,1919.2,1944.6,1972.245,-13.170000000000073,,,
2021-12-23,1903.0,1919.2,1943.9866666666667,1971.26,-13.954999999999927,,,
2021-12-24,1905.0,1919.26,1943.44,1970.285,-14.769999999999982,,,
2021-12-27,1907.0,1919.38,1942.8933333333334,1969.31,-15.455000000000155,,,
2021-12-28,1902.0,1919.28,1942.3666666666666,1968.41,-15.959999999999809,,,
2021-12-29,1913.0,1919.48,1941.8666666666666,1967.475,-16.49000000000001,1901.0,2191.0,
2021-12-30,1907.0,1919.5,1941.3,1966.425,-16.975000000000136,1901.0,2191.0,-0.010892116182572575
2022-01-04,1925.0,1919.88,1940.9,1965.49,-17.454999999999927,1901.0,2191.0,0.0005197505197505059
2022-01-05,1932.0,1920.42,1940.5133333333333,1964.65,-17.789999999999964,1901.0,2191.0,0.006250000000000089
2022-01-06,1923.0,1920.74,1940.1066666666666,1963.815,-18.075000000000045,1901.0,2191.0,0.0
2022-01-07,1923.0,1920.96,1939.6333333333334,1962.93,-18.269999999999982,1901.0,2191.0,0.006279434850863463
2022-01-11,1930.0,1921.34,1939.1933333333334,1961.995,-18.360000000000127,1901.0,2191.0,0.009942438513867113
2022-01-12,1940.0,1921.86,1938.78,1961.07,-18.424999999999955,1901.0,2191.0,0.019978969505783484
2022-01-13,1928.0,1922.06,1938.2533333333333,1960.08,-18.560000000000173,1901.0,2191.0,0.009952854897852248
2022-01-14,1929.0,1922.3,1937.7933333333333,1959.015,-18.789999999999964,1901.0,2191.0,0.009419152276295195
2022-01-17,1927.0,1922.68,1937.3066666666666,1957.91,-19.069999999999936,1901.0,2191.0,0.008372579801151137
2022-01-18,1932.0,1923.14,1936.8666666666666,1956.74,-19.345000000000027,1901.0,2191.0,0.004158004158004047
2022-01-19,1929.0,1923.54,1936.4066666666668,1955.585,-19.524999999999864,1901.0,2191.0,-0.005157297576070086
2022-01-20,1925.0,1923.84,1935.8733333333332,1954.345,-19.75,1901.0,2191.0,-0.01885830784913356
2022-01-21,1940.0,1924.52,1935.44,1953.09,-19.99500000000012,1901.0,2191.0,-0.016227180527383367
2022-01-24,1940.0,1925.02,1935.0133333333333,1951.865,-20.37999999999988,1901.0,2191.0,-0.02463549522373054
2022-01-25,1921.0,1925.2,1934.42,1951.17,-20.089999999999918,1901.0,2191.0,-0.04427860696517416
2022-01-26,1921.0,1925.32,1933.8266666666666,1950.505,-19.779999999999973,1901.0,2191.0,-0.061094819159335234
2022-01-27,1911.0,1925.18,1933.2,1949.83,-19.480000000000018,1901.0,2191.0,-0.07547169811320753
2022-01-28,1919.0,1925.18,1932.6333333333334,1949.31,-19.100000000000136,1901.0,2191.0,-0.06844660194174756
2022-01-31,1923.0,1925.12,1932.1066666666666,1948.865,-18.6099999999999,1901.0,2191.0,-0.07191119691119696
2022-02-01,1925.0,1925.32,1931.6733333333334,1948.46,-17.964999999999918,1901.0,2191.0,-0.07228915662650603
2022-02-02,1914.0,1924.7,1931.1666666666667,1948.005,-17.4849999999999,1901.0,2191.0,-0.07446808510638303
2022-02-03,1920.0,1924.62,1930.7,1947.57,-17.080000000000155,1901.0,2191.0,-0.07469879518072287
2022-02-04,1917.0,1924.34,1930.2133333333334,1947.14,-16.674999999999955,1901.0,2191.0,-0.084964200477327
2022-02-07,1915.0,1923.82,1929.7133333333334,1946.67,-16.25999999999999,1901.0,2191.0,-0.07932692307692313
2022-02-08,1915.0,1922.12,1929.2133333333334,1946.23,-15.764999999999873,1901.0,2191.0,-0.06585365853658531
2022-02-09,1914.0,1921.04,1928.66,1945.8,-15.269999999999982,1901.0,2191.0,-0.0663414634146341
2022-02-10,1922.0,1920.66,1928.2,1945.395,-14.684999999999945,1901.0,2191.0,-0.05784313725490198
2022-02-14,1925.0,1920.52,1927.7466666666667,1944.985,-14.0300000000002,1901.0,2191.0,-0.03749999999999998
2022-02-15,1937.0,1920.64,1927.38,1944.63,-13.279999999999973,1901.0,2191.0,-0.03101550775387696
2022-02-16,1933.0,1920.82,1926.9333333333334,1944.26,-12.480000000000018,1901.0,2191.0,-0.03878667329686725
2022-02-17,1934.0,1920.7,1926.5,1943.9,-11.684999999999945,1901.0,2191.0,-0.03876739562624254
2022-02-18,1932.0,1920.34,1926.0666666666666,1943.555,-10.789999999999964,1901.0,2191.0,-0.05154639175257736
2022-02-21,1930.0,1920.3,1925.62,1943.185,-9.904999999999973,1901.0,2191.0,-0.04972919743968485
2022-02-22,1939.0,1920.48,1925.3,1942.895,-8.970000000000027,1901.0,2191.0,-0.05460750853242324
2022-02-24,1936.0,1920.68,1924.9133333333334,1942.58,-8.590000000000146,1901.0,2191.0,-0.05190989226248777
2022-02-25,1937.0,1920.9,1924.58,1942.24,-8.2650000000001,1901.0,2191.0,-0.06334622823984526
2022-02-28,1945.0,1921.52,1924.22,1942.01,-7.819999999999936,1901.0,2191.0,-0.0715990453460621
2022-03-01,1946.0,1922.24,1923.8133333333333,1941.7,-7.6099999999999,1901.0,2191.0,-0.07244995233555762
2022-03-02,1944.0,1923.02,1923.4533333333334,1941.38,-7.4849999999999,1901.0,2191.0,-0.0676258992805755
2022-03-03,1936.0,1923.68,1923.04,1941.095,-7.365000000000009,1901.0,2191.0,-0.06788637457871927
2022-03-04,1936.0,1924.36,1922.6666666666667,1940.815,-7.190000000000055,1901.0,2191.0,-0.06473429951690823
2022-03-07,1934.0,1924.98,1922.3,1940.56,-7.009999999999991,1901.0,2191.0,-0.07108549471661862
2022-03-08,1925.0,1925.38,1921.86,1940.255,-6.884999999999991,1901.0,2191.0,-0.08202193609918929
2022-03-09,1915.0,1925.62,1921.3,1939.855,-6.815000000000055,1901.0,2191.0,-0.09069325735992406
2022-03-10,1925.0,1926.06,1920.8666666666666,1939.505,-6.724999999999909,1901.0,2191.0,-0.08637873754152825
2022-03-11,1924.0,1926.44,1920.44,1939.19,-6.6099999999999,1901.0,2191.0,-0.07098020280057948
2022-03-14,1924.0,1926.78,1920.04,1938.865,-6.529999999999973,1901.0,2191.0,-0.08380952380952378
2022-03-15,1928.0,1927.3,1919.6733333333334,1938.6,-6.384999999999991,1901.0,2191.0,-0.08190476190476192
2022-03-16,1931.0,1927.66,1919.38,1938.315,-6.315000000000055,1901.0,2191.0,-0.08135109419600384
2022-03-17,1941.0,1928.34,1919.26,1938.06,-6.2000000000000455,1901.0,2191.0,-0.06772334293948123
2022-03-18,1952.0,1928.88,1919.22,1937.895,-6.005000000000109,1901.0,2191.0,-0.07047619047619047
2022-03-22,1950.0,1929.24,1919.2866666666666,1937.695,-5.860000000000127,1901.0,2191.0,-0.07888521492678313
2022-03-23,1960.0,1929.98,1919.5733333333333,1937.575,-5.6099999999999,1901.0,2191.0,-0.07196969696969702
2022-03-24,1964.0,1930.8,1919.8666666666666,1937.425,-5.470000000000027,1901.0,2191.0,-0.0647619047619048
2022-03-25,1970.0,1931.6,1920.04,1937.295,-5.2849999999998545,1901.0,2191.0,-0.0574162679425837
2022-03-28,1990.0,1932.6,1920.5866666666666,1937.235,-5.005000000000109,1901.0,2191.0,-0.05238095238095242
2022-03-29,1960.0,1933.24,1920.96,1937.0,-5.009999999999991,1901.0,2191.0,-0.07416154936230512
2022-03-30,1893.0,1932.52,1920.9,1936.475,-5.225000000000136,1893.0,2191.0,-0.10917647058823532
2022-03-31,1899.0,1931.96,1920.8866666666668,1935.97,-5.410000000000082,1893.0,2191.0,-0.10677328316086543
2022-04-01,1895.0,1931.22,1920.8466666666666,1935.455,-5.6400000000001,1893.0,2191.0,-0.11531279178338005
2022-04-04,1905.0,1930.74,1920.7933333333333,1934.99,-5.8250000000000455,1893.0,2191.0,-0.11312849162011174
2022-04-05,1896.0,1930.16,1920.72,1934.445,-6.115000000000009,1893.0,2191.0,-0.1246537396121884
2022-04-07,1890.0,1929.16,1920.56,1933.87,-6.385000000000218,1890.0,2191.0,-0.125
2022-04-08,1884.0,1928.04,1920.36,1933.27,-6.585000000000036,1884.0,2191.0,-0.13299585826046945
2022-04-11,1884.0,1927.3,1920.18,1932.64,-6.865000000000009,1884.0,2185.0,-0.14011866727521682
2022-04-12,1855.0,1925.98,1919.7933333333333,1931.865,-7.3250000000000455,1855.0,2060.0,-0.15102974828375282
2022-04-13,1869.0,1925.14,1919.4533333333334,1931.185,-7.680000000000064,1855.0,2054.0,-0.09271844660194173
2022-04-14,1859.0,1923.94,1919.06,1930.46,-8.139999999999873,1855.0,2046.0,-0.09493670886075944
2022-04-15,1855.0,1922.58,1918.7466666666667,1929.725,-8.590000000000146,1855.0,2023.0,-0.09335288367546435
2022-04-18,1855.0,1921.18,1918.4,1929.05,-9.009999999999991,1855.0,2012.0,-0.08304498269896199
2022-04-19,1866.0,1920.22,1918.1533333333334,1928.43,-9.464999999999918,1855.0,2010.0,-0.07256461232604372
2022-04-20,1858.0,1918.98,1917.8533333333332,1927.77,-9.924999999999955,1855.0,2010.0,-0.07377866400797606
2022-04-21,1873.0,1918.1,1917.5933333333332,1927.185,-10.3900000000001,1855.0,2010.0,-0.06583541147132166
2022-04-22,1863.0,1917.06,1917.3066666666666,1926.55,-10.875,1855.0,2010.0,-0.0717488789237668
2022-04-25,1863.0,1916.02,1917.0266666666666,1925.915,-11.38000000000011,1855.0,2010.0,-0.06989515726410389
2022-04-27,1871.0,1915.16,1916.7533333333333,1925.285,-11.949999999999818,1855.0,2010.0,-0.0686908909905426
2022-04-28,1870.0,1914.12,1916.4933333333333,1924.68,-12.319999999999936,1855.0,2010.0,-0.0664003994008987
2022-05-06,1868.0,1912.98,1916.22,1924.055,-12.419999999999845,1855.0,2010.0,-0.06599999999999995
2022-05-09,1866.0,1911.56,1915.9133333333334,1923.425,-12.545000000000073,1855.0,2010.0,-0.06839740389415871
2022-05-10,1865.0,1910.2,1915.62,1922.75,-12.704999999999927,1855.0,2010.0,-0.07075236671649232
2022-05-11,1870.0,1908.92,1915.3733333333332,1922.105,-12.884999999999991,1855.0,2010.0,-0.06872509960159368
2022-05-12,1873.0,1907.74,1915.1666666666667,1921.485,-12.960000000000036,1855.0,2010.0,-0.06676631788739407
2022-05-13,1875.0,1906.64,1914.9666666666667,1920.875,-12.99499999999989,1855.0,2010.0,-0.06530408773678964
2022-05-16,1850.0,1904.86,1914.6,1920.19,-13.079999999999927,1850.0,2010.0,-0.07546226886556717
2022-05-17,1862.0,1903.38,1914.3333333333333,1919.53,-13.110000000000127,1850.0,2010.0,-0.07085828343313372
2022-05-18,1860.0,1901.84,1914.04,1918.895,-12.970000000000027,1850.0,2010.0,-0.06860290435653482
2022-05-19,1850.0,1899.94,1913.6266666666668,1918.15,-13.034999999999854,1850.0,2010.0,-0.0745372686343172
2022-05-20,1852.0,1898.06,1913.26,1917.375,-13.085000000000036,1850.0,2010.0,-0.07630922693266828
2022-05-23,1852.0,1896.22,1912.8266666666666,1916.645,-13.079999999999927,1850.0,2010.0,-0.0698141637368157
2022-05-24,1855.0,1894.6,1912.4933333333333,1915.93,-13.11999999999989,1850.0,2010.0,-0.07619521912350602
2022-05-25,1848.0,1892.84,1912.1066666666666,1915.21,-13.220000000000027,1848.0,2010.0,-0.07968127490039845
2022-05-26,1849.0,1891.14,1911.7333333333333,1914.51,-13.259999999999991,1848.0,2010.0,-0.07225288509784245
2022-05-27,1860.0,1889.84,1911.46,1913.855,-13.329999999999927,1848.0,2010.0,-0.0662650602409639
2022-05-30,1860.0,1888.74,1911.1866666666667,1913.16,-13.389999999999873,1848.0,2010.0,-0.06297229219143574
2022-05-31,1860.0,1887.44,1910.9,1912.51,-13.404999999999973,1848.0,2010.0,-0.06344410876132933
2022-06-02,1856.0,1886.08,1910.5933333333332,1911.85,-13.435000000000173,1848.0,2010.0,-0.06967418546365911
2022-06-03,1851.0,1884.62,1910.26,1911.185,-13.495000000000118,1848.0,2010.0,-0.07218045112781957
2022-06-06,1850.0,1883.06,1909.88,1910.52,-13.535000000000082,1848.0,2010.0,-0.06894816305988927
2022-06-07,1850.0,1881.44,1909.5266666666666,1909.895,-13.529999999999973,1848.0,2010.0,-0.06988436400201103
2022-06-08,1849.0,1879.6,1909.1466666666668,1909.345,-13.404999999999973,1848.0,2010.0,-0.06663301362948004
2022-06-09,1858.0,1877.72,1908.8266666666666,1908.845,-13.259999999999991,1848.0,2010.0,-0.06539235412474853
2022-06-10,1849.0,1875.7,1908.4533333333334,1908.39,-13.0949999999998,1848.0,2010.0,-0.07178714859437751
2022-06-13,1847.0,1873.44,1908.0533333333333,1908.04,-12.835000000000036,1847.0,2010.0,-0.06952141057934513
2022-06-14,1845.0,1871.06,1907.6066666666666,1907.665,-12.525000000000091,1845.0,2010.0,-0.07286432160804024
2022-06-15,1843.0,1868.52,1907.1533333333334,1907.16,-12.36999999999989,1843.0,2010.0,-0.07106854838709675
2022-06-16,1843.0,1865.58,1906.68,1906.835,-12.059999999999945,1843.0,2010.0,-0.07572718154463387
2022-06-17,1839.0,1863.16,1906.1533333333334,1906.51,-11.6400000000001,1839.0,2010.0,-0.07865731462925851
2022-06-20,1840.0,1862.1,1905.64,1906.2,-11.174999999999955,1839.0,2010.0,-0.08091908091908095
2022-06-21,1840.0,1860.92,1905.1866666666667,1905.895,-10.75,1839.0,2010.0,-0.08320876930742405
2022-06-22,1841.0,1859.84,1904.7333333333333,1905.595,-10.335000000000036,1839.0,2010.0,-0.07857857857857853
2022-06-23,1840.0,1858.54,1904.2733333333333,1905.23,-9.980000000000018,1839.0,2010.0,-0.07999999999999996
2022-06-24,1848.0,1857.58,1903.86,1904.935,-9.575000000000045,1839.0,2010.0,-0.07507507507507505
2022-06-27,1840.0,1856.58,1903.42,1904.565,-9.289999999999964,1839.0,2010.0,-0.07907907907907907
2022-06-28,1848.0,1855.86,1902.9733333333334,1904.235,-8.925000000000182,1839.0,2010.0,-0.07830423940149622
2022-06-29,1845.0,1855.08,1902.5266666666666,1903.905,-8.605000000000018,1839.0,2010.0,-0.07980049875311723
2022-06-30,1840.0,1854.78,1902.0266666666666,1903.54,-8.309999999999945,1839.0,2010.0,-0.08183632734530943
2022-07-01,1839.0,1854.18,1901.5,1903.135,-8.049999999999955,1839.0,2010.0,-0.08507462686567169
2022-07-04,1848.0,1853.96,1901.0266666666666,1902.785,-7.7349999999999,1839.0,2007.0,-0.08059701492537319
2022-07-05,1839.0,1853.64,1900.4466666666667,1902.47,-7.4249999999999545,1839.0,2007.0,-0.08279301745635914
2022-07-06,1845.0,1853.44,1899.98,1902.16,-7.184999999999945,1839.0,2007.0,-0.0793413173652695
2022-07-07,1840.0,1852.92,1899.28,1901.845,-7.0,1839.0,2007.0,-0.08091908091908095
2022-07-08,1838.0,1852.52,1898.7066666666667,1901.52,-6.870000000000118,1838.0,2007.0,-0.07638190954773871
2022-07-11,1841.0,1851.88,1898.1066666666666,1901.165,-6.875,1838.0,2007.0,-0.07487437185929646
2022-07-12,1841.0,1851.44,1897.44,1900.84,-6.8250000000000455,1838.0,2007.0,-0.07487437185929646
2022-07-13,1835.0,1850.88,1896.34,1900.49,-6.670000000000073,1835.0,2007.0,-0.07788944723618085
2022-07-14,1844.0,1850.34,1895.5133333333333,1900.15,-6.684999999999945,1835.0,2007.0,-0.07336683417085432
2022-07-15,1837.0,1849.68,1894.82,1899.79,-6.720000000000027,1835.0,2007.0,-0.0768844221105528
2022-07-19,1838.0,1849.08,1894.1933333333334,1899.435,-6.7650000000001,1835.0,2007.0,-0.07961942914371556
2022-07-20,1836.0,1848.48,1893.56,1899.055,-6.839999999999918,1835.0,2007.0,-0.07785032646911105
2022-07-21,1834.0,1847.86,1892.96,1898.68,-6.914999999999964,1834.0,2007.0,-0.07977922729553433
2022-07-22,1836.0,1847.18,1892.2666666666667,1898.325,-6.904999999999973,1834.0,2007.0,-0.07831325301204817
2022-07-25,1837.0,1846.46,1891.5133333333333,1897.99,-6.944999999999936,1834.0,2007.0,-0.08150000000000002
2022-07-26,1836.0,1845.68,1890.8733333333332,1897.645,-6.920000000000073,1834.0,2007.0,-0.08154077038519258
2022-07-27,1837.0,1845.42,1890.2533333333333,1897.305,-6.929999999999836,1834.0,2007.0,-0.08012018027040557
2022-07-28,1839.0,1844.96,1889.6733333333334,1896.99,-6.914999999999964,1834.0,2007.0,-0.07911867801702555
2022-07-29,1840.0,1844.56,1889.1,1896.67,-6.869999999999891,1834.0,2007.0,-0.07398087569199796
2022-08-01,1837.0,1844.3,1888.5866666666666,1896.295,-6.839999999999918,1834.0,2007.0,-0.0787362086258776
2022-08-02,1840.0,1844.06,1888.12,1895.96,-6.8250000000000455,1834.0,2007.0,-0.07398087569199796
2022-08-03,1837.0,1843.76,1887.6666666666667,1895.56,-6.910000000000082,1834.0,2007.0,-0.08104052026013009
2022-08-04,1836.0,1843.38,1887.22,1895.215,-6.945000000000164,1834.0,2000.0,-0.08520179372197312
2022-08-05,1835.0,1843.12,1886.7733333333333,1894.86,-6.985000000000127,1834.0,2000.0,-0.08158158158158157
2022-08-08,1835.0,1842.84,1886.32,1894.51,-7.009999999999991,1834.0,2000.0,-0.08158158158158157
2022-08-09,1834.0,1842.32,1885.8466666666666,1894.175,-6.990000000000009,1834.0,2000.0,-0.07931726907630521
2022-08-10,1829.0,1841.7,1885.3533333333332,1893.815,-7.024999999999864,1829.0,2000.0,-0.0804424333836099
2022-08-12,1828.0,1841.06,1884.8533333333332,1893.44,-7.0499999999999545,1828.0,2000.0,-0.08186840783525862
2022-08-15,1827.0,1840.48,1884.3333333333333,1893.065,-7.085000000000036,1827.0,2000.0,-0.08604302151075538
2022-08-16,1828.0,1840.02,1883.8066666666666,1892.7,-7.089999999999918,1827.0,2000.0,-0.08140703517587944
2022-08-17,1828.0,1839.58,1883.3133333333333,1892.305,-7.129999999999882,1827.0,2000.0,-0.08048289738430581
2022-08-18,1838.0,1839.34,1882.8133333333333,1891.98,-7.0750000000000455,1827.0,2000.0,-0.07358870967741937
2022-08-19,1835.0,1839.06,1882.3333333333333,1891.625,-7.055000000000064,1827.0,2000.0,-0.07463439233484614
2022-08-22,1830.0,1838.5,1881.7,1891.245,-7.080000000000155,1827.0,2000.0,-0.07341772151898729
2022-08-23,1829.0,1838.1,1881.0133333333333,1890.865,-7.125,1827.0,2000.0,-0.06636038795303723
2022-08-24,1829.0,1837.74,1880.3866666666668,1890.475,-7.170000000000073,1827.0,2000.0,-0.06588355464759954
2022-08-25,1828.0,1837.4,1879.7533333333333,1890.055,-7.25,1827.0,2000.0,-0.057731958762886615
2022-08-26,1829.0,1837.12,1879.08,1889.645,-7.345000000000027,1827.0,2000.0,-0.045905059989567065
2022-08-29,1831.0,1836.88,1878.3533333333332,1889.23,-7.440000000000055,1827.0,2000.0,-0.046354166666666696
2022-08-30,1835.0,1836.8,1877.7333333333333,1888.815,-7.480000000000018,1827.0,2000.0,-0.05606995884773658
2022-08-31,1835.0,1836.7,1877.1066666666666,1888.405,-7.555000000000064,1827.0,2000.0,-0.0382599580712788
2022-09-02,1834.0,1836.58,1876.4866666666667,1888.035,-7.524999999999864,1827.0,2000.0,-0.03676470588235292
2022-09-05,1839.0,1836.54,1875.8666666666666,1887.685,-7.529999999999973,1827.0,2000.0,-0.03312302839116721
2022-09-06,1837.0,1836.48,1875.2533333333333,1887.325,-7.5349999999998545,1827.0,2000.0,-0.033666491320357705
2022-09-07,1834.0,1836.2,1874.6466666666668,1886.945,-7.565000000000055,1827.0,2000.0,-0.0352446081009995
2022-09-08,1833.0,1836.06,1873.9333333333334,1886.58,-7.595000000000027,1827.0,2000.0,-0.04181913225300571
2022-09-09,1833.0,1835.76,1873.22,1886.17,-7.644999999999982,1827.0,2000.0,-0.03880440482433145
2022-09-12,1830.0,1835.46,1872.6133333333332,1885.76,-7.680000000000064,1827.0,2000.0,-0.043887147335423204
2022-09-13,1830.0,1835.26,1872.0066666666667,1885.335,-7.730000000000018,1827.0,2000.0,-0.043887147335423204
2022-09-14,1835.0,1835.18,1871.5,1884.92,-7.779999999999973,1827.0,2000.0,-0.03976975405546834
2022-09-15,1830.0,1834.82,1870.9066666666668,1884.475,-7.830000000000155,1827.0,2000.0,-0.04338734971249347
2022-09-16,1835.0,1834.74,1870.32,1884.02,-7.960000000000036,1827.0,2000.0,-0.04427083333333337
2022-09-20,1835.0,1834.54,1869.72,1883.62,-8.00500000000011,1827.0,2000.0,-0.043274244004171014
2022-09-21,1835.0,1834.44,1869.1933333333334,1883.07,-8.174999999999955,1827.0,2000.0,-0.035226077812828605
2022-09-22,1836.0,1834.4,1868.6333333333334,1882.63,-8.2349999999999,1827.0,2000.0,-0.03723125327739907
2022-09-26,1836.0,1834.3,1868.0933333333332,1882.155,-8.319999999999936,1827.0,2000.0,-0.03520756699947447
2022-09-27,1840.0,1834.28,1867.5933333333332,1881.65,-8.404999999999973,1827.0,2000.0,-0.03310562270099837
2022-09-28,1840.0,1834.38,1867.0933333333332,1880.85,-8.795000000000073,1827.0,2000.0,-0.03765690376569042
2022-09-29,1843.0,1834.36,1866.62,1880.225,-9.00500000000011,1827.0,2000.0,-0.03305351521511013
2022-09-30,1835.0,1834.32,1866.04,1879.695,-9.120000000000118,1827.0,2000.0,-0.03674540682414695
2022-10-03,1832.0,1834.2,1865.42,1879.195,-9.210000000000036,1827.0,2000.0,-0.04184100418410042
2022-10-04,1846.0,1834.4,1864.8133333333333,1878.77,-9.2650000000001,1827.0,2000.0,-0.03300157150340488
2022-10-05,1834.0,1834.4,1864.1533333333334,1878.32,-9.365000000000009,1827.0,2000.0,-0.039287585123101154
2022-10-06,1839.0,1834.46,1863.52,1877.815,-9.509999999999991,1827.0,2000.0,-0.03817991631799167
2022-10-07,1839.0,1834.5,1862.9,1877.26,-9.684999999999945,1827.0,2000.0,-0.03666841278156108
2022-10-11,1837.0,1834.52,1862.28,1876.785,-9.794999999999845,1827.0,2000.0,-0.03670686942842161
2022-10-12,1839.0,1834.56,1861.6133333333332,1876.33,-9.840000000000146,1827.0,2000.0,-0.034138655462184864
2022-10-13,1841.0,1834.6,1860.98,1875.905,-9.855000000000018,1827.0,2000.0,-0.03359580052493438
2022-10-14,1837.0,1834.54,1860.3133333333333,1875.46,-9.875,1827.0,2000.0,-0.03569553805774284
2022-10-17,1839.0,1834.58,1859.6066666666666,1875.085,-9.835000000000036,1827.0,2000.0,-0.03312302839116721
2022-10-18,1838.0,1834.54,1858.8866666666668,1874.725,-9.75,1827.0,2000.0,-0.034663865546218475
2022-10-19,1838.0,1834.56,1858.18,1874.39,-9.629999999999882,1827.0,2000.0,-0.03870292887029292
2022-10-21,1841.0,1834.66,1857.5466666666666,1874.08,-9.539999999999964,1827.0,2000.0,-0.03460933403251176
2022-10-24,1839.0,1834.74,1856.9,1873.765,-9.304999999999836,1827.0,2000.0,-0.04068857589984354
2022-10-25,1838.0,1834.8,1856.26,1873.44,-9.190000000000055,1827.0,2000.0,-0.035170603674540724
2022-10-26,1836.0,1834.84,1855.6666666666667,1873.095,-9.059999999999945,1827.0,2000.0,-0.036726128016789095
2022-10-27,1833.0,1834.92,1855.12,1872.745,-8.9050000000002,1827.0,2000.0,-0.03779527559055118
2022-10-28,1830.0,1834.96,1854.4866666666667,1872.38,-8.4699999999998,1827.0,2000.0,-0.03734876380852181
2022-10-31,1841.0,1835.24,1853.9333333333334,1872.06,-8.164999999999964,1827.0,2000.0,-0.03156233561283539
2022-11-01,1833.0,1835.34,1853.3266666666666,1871.69,-8.004999999999882,1827.0,2000.0,-0.03678402522333157
2022-11-02,1833.0,1835.44,1852.6933333333334,1871.345,-7.849999999999909,1827.0,2000.0,-0.0362776025236593
2022-11-04,1830.0,1835.28,1852.02,1870.93,-7.839999999999918,1827.0,2000.0,-0.03734876380852181
2022-11-07,1860.0,1835.78,1851.48,1870.695,-7.625,1827.0,2000.0,-0.024646040901940225
2022-11-08,1831.0,1835.8,1850.6733333333334,1870.225,-7.5900000000001455,1827.0,2000.0,-0.03783499737256968
2022-11-09,1836.0,1835.94,1849.9133333333334,1869.745,-7.5150000000001,1827.0,2000.0,-0.036726128016789095
2022-11-10,1840.0,1836.16,1849.1133333333332,1869.33,-7.455000000000155,1827.0,2000.0,-0.0346274921301154
2022-11-11,1836.0,1836.32,1848.26,1868.895,-7.434999999999945,1827.0,2000.0,-0.03622047244094484
2022-11-14,1835.0,1836.44,1847.36,1868.42,-7.4849999999999,1827.0,2000.0,-0.03775563712637653
2022-11-15,1835.0,1836.52,1846.3266666666666,1867.895,-7.565000000000055,1827.0,2000.0,-0.04027196652719667
2022-11-16,1836.0,1836.54,1845.5,1867.435,-7.650000000000091,1827.0,2000.0,-0.039246467817896424
2022-11-17,1836.0,1836.56,1845.12,1866.97,-7.754999999999882,1827.0,2000.0,-0.040752351097178674
2022-11-18,1833.0,1836.54,1844.68,1866.5,-7.8900000000001,1827.0,2000.0,-0.0443169968717414
2022-11-21,1835.0,1836.46,1844.28,1866.015,-8.064999999999827,1827.0,2000.0,-0.042775169535732904
2022-11-22,1836.0,1836.44,1843.82,1865.55,-8.215000000000146,1827.0,2000.0,-0.037735849056603765
2022-11-24,1849.0,1836.74,1843.5066666666667,1865.17,-8.269999999999982,1827.0,2000.0,-0.03143006809848092
2022-11-25,1850.0,1837.08,1843.24,1864.72,-8.375,1827.0,2000.0,-0.030906233630172864
2022-11-28,1850.0,1837.42,1843.0133333333333,1864.27,-8.474999999999909,1827.0,2000.0,-0.03141361256544506
2022-11-29,1880.0,1838.42,1842.9866666666667,1864.065,-8.315000000000055,1827.0,2000.0,-0.01364113326337879
2022-11-30,1866.0,1839.14,1843.06,1863.79,-8.269999999999982,1827.0,2000.0,-0.025587467362924277
2022-12-01,1867.0,1839.78,1843.0466666666666,1863.57,-8.120000000000118,1827.0,2000.0,-0.023535564853556457
2022-12-02,1855.0,1840.28,1843.02,1863.25,-8.095000000000027,1827.0,2000.0,-0.031331592689295085
2022-12-05,1855.0,1840.68,1843.02,1862.91,-8.019999999999982,1827.0,2000.0,-0.03284671532846717
2022-12-06,1856.0,1841.1,1843.0266666666666,1862.565,-8.129999999999882,1827.0,2000.0,-0.032829598749348654
2022-12-07,1858.0,1841.56,1842.9733333333334,1862.285,-7.939999999999827,1827.0,2000.0,-0.0353063343717549
2022-12-08,1862.0,1842.08,1843.0,1861.995,-7.75,1827.0,2000.0,-0.027676240208877267
2022-12-09,1861.0,1842.58,1842.92,1861.715,-7.615000000000009,1827.0,2000.0,-0.04318766066838042
2022-12-12,1861.0,1843.0,1842.9066666666668,1861.445,-7.4500000000000455,1827.0,2000.0,-0.03274428274428276
2022-12-13,1861.0,1843.42,1842.8933333333334,1861.175,-7.245000000000118,1827.0,2000.0,-0.036250647332988106
2022-12-14,1857.0,1843.7,1842.8,1860.89,-7.004999999999882,1827.0,2000.0,-0.043276661514683123
2022-12-15,1856.0,1844.12,1842.7066666666667,1860.56,-6.875,1827.0,1990.0,-0.07199999999999995
2022-12-16,1857.0,1844.62,1842.6333333333334,1860.22,-6.75,1827.0,1990.0,-0.05640243902439024
2022-12-19,1857.0,1844.84,1842.5733333333333,1859.82,-6.680000000000064,1827.0,1990.0,-0.043276661514683123
2022-12-20,1834.0,1844.84,1842.3666666666666,1859.325,-6.690000000000055,1827.0,1990.0,-0.050724637681159424
2022-12-21,1853.0,1845.12,1842.2533333333333,1858.92,-6.629999999999882,1827.0,1990.0,-0.04039357845675817
2022-12-22,1851.0,1845.36,1842.1066666666666,1858.515,-6.654999999999973,1827.0,1990.0,-0.03794178794178793
2022-12-23,1843.0,1845.48,1841.8933333333334,1858.08,-6.6400000000001,1827.0,1990.0,-0.050000000000000044
2022-12-26,1841.0,1845.52,1841.8333333333333,1857.59,-6.680000000000064,1827.0,1990.0,-0.0558974358974359
2022-12-27,1855.0,1845.8,1841.7866666666666,1857.185,-6.880000000000109,1827.0,1990.0,-0.03985507246376807
2022-12-28,1850.0,1846.06,1841.72,1856.75,-7.039999999999964,1827.0,1990.0,-0.041450777202072575
2022-12-29,1854.0,1846.36,1841.7466666666667,1856.295,-7.274999999999864,1827.0,1990.0,-0.03738317757009346
2022-12-30,1858.0,1846.76,1841.7866666666666,1855.855,-7.394999999999982,1827.0,1990.0,-0.0353063343717549
2023-01-04,1858.0,1847.16,1841.8266666666666,1855.425,-7.485000000000127,1827.0,1990.0,-0.02925809822361547
2023-01-05,1850.0,1847.34,1841.7933333333333,1854.995,-7.570000000000164,1827.0,1990.0,-0.03141361256544506
2023-01-06,1851.0,1847.58,1841.8133333333333,1854.57,-7.7150000000001455,1827.0,1990.0,-0.028346456692913358
2023-01-10,1853.0,1847.88,1841.84,1854.165,-7.829999999999927,1827.0,1990.0,-0.026274303730951076
2023-01-11,1887.0,1848.9,1842.02,1853.975,-7.740000000000009,1827.0,1990.0,-0.007886435331230235
2023-01-12,1876.0,1849.76,1842.1266666666668,1853.78,-7.664999999999964,1827.0,1990.0,-0.014188124014713588
2023-01-13,1890.0,1850.96,1842.3266666666666,1853.605,-7.569999999999936,1827.0,1990.0,-0.007874015748031482
2023-01-16,1890.0,1851.94,1842.5533333333333,1853.435,-7.455000000000155,1827.0,1990.0,-0.006831318970047295
2023-01-17,1886.0,1853.0,1842.7866666666666,1853.245,-7.315000000000055,1827.0,1990.0,-0.008933263268523395
2023-01-18,1888.0,1854.1,1843.04,1853.045,-7.1749999999999545,1827.0,1990.0,-0.00892388451443571
2023-01-19,1875.0,1855.0,1843.2066666666667,1852.765,-7.054999999999836,1827.0,1990.0,-0.01678028316727842
2023-01-20,1877.0,1855.34,1843.3933333333334,1852.445,-6.880000000000109,1827.0,1990.0,-0.013144058885383836
2023-01-23,1888.0,1856.48,1843.5933333333332,1852.125,-6.795000000000073,1827.0,1990.0,-0.013068478829064256
2023-01-24,1892.0,1857.6,1843.88,1851.835,-6.680000000000064,1827.0,1990.0,-0.007865757734661805
2023-01-25,1893.0,1858.66,1844.1866666666667,1851.5,-6.579999999999927,1827.0,1990.0,-0.01662337662337665
2023-01-26,1903.0,1860.0,1844.5733333333333,1851.195,-6.394999999999982,1827.0,1990.0,-0.015010351966873725
2023-01-27,1911.0,1861.52,1845.0266666666666,1850.9,-6.2849999999998545,1827.0,1990.0,-0.006240249609984372
2023-01-30,1923.0,1863.28,1845.56,1850.565,-6.184999999999945,1827.0,1990.0,0.0
2023-01-31,1916.0,1864.88,1846.0733333333333,1850.345,-5.9500000000000455,1827.0,1990.0,-0.007253886010362698
2023-02-01,1920.0,1866.56,1846.6066666666666,1850.48,-5.375,1827.0,1990.0,-0.010309278350515427
2023-02-02,1920.0,1868.3,1847.14,1850.585,-4.839999999999918,1827.0,1990.0,-0.004149377593360981
2023-02-03,1931.0,1870.22,1847.74,1850.765,-4.229999999999791,1827.0,1990.0,0.0010368066355623817
2023-02-06,1947.0,1872.44,1848.4533333333334,1850.975,-3.5950000000000273,1827.0,1990.0,0.01037882719252714
2023-02-07,1968.0,1874.82,1849.2533333333333,1851.335,-2.8299999999999272,1827.0,1990.0,0.01863354037267073
2023-02-08,1955.0,1876.92,1850.02,1851.66,-2.314999999999827,1827.0,1990.0,0.013478486262312073
2023-02-09,1920.0,1878.32,1850.5,1851.84,-1.9400000000000546,1827.0,1990.0,-0.0025974025974025983
2023-02-10,1906.0,1878.84,1850.9066666666668,1851.95,-1.6549999999999727,1827.0,1990.0,-0.017525773195876337
2023-02-13,1905.0,1879.62,1851.34,1852.2,-1.2349999999999,1827.0,1990.0,-0.01804123711340211
2023-02-14,1899.0,1880.26,1851.74,1852.35,-0.8949999999999818,1827.0,1990.0,-0.011452368558042658
2023-02-15,1896.0,1881.08,1852.06,1852.535,-0.5099999999999909,1827.0,1990.0,-0.013014055179593975
2023-02-16,1895.0,1881.88,1852.4333333333334,1852.735,-0.03000000000020009,1827.0,1990.0,-0.008372579801151248
2023-02-17,1887.0,1882.5,1852.7133333333334,1852.895,0.4500000000000455,1827.0,1990.0,-0.016675351745700895
2023-02-20,1912.0,1883.58,1853.1933333333334,1853.125,1.0,1827.0,1990.0,-0.00572022880915235
2023-02-21,1915.0,1884.64,1853.7066666666667,1853.41,1.5750000000000455,1827.0,1990.0,-0.0051948051948051965
2023-02-22,1905.0,1885.52,1854.1333333333334,1853.57,2.0699999999999363,1827.0,1990.0,-0.00470219435736674
2023-02-24,1921.0,1886.72,1854.6666666666667,1853.86,2.6649999999999636,1827.0,1990.0,0.0005208333333333037
2023-02-27,1932.0,1888.14,1855.3133333333333,1854.205,3.3049999999998363,1827.0,1990.0,0.00782472613458518
2023-02-28,1930.0,1889.6,1855.8866666666668,1854.5,3.9349999999999454,1827.0,1990.0,0.007832898172323688
2023-03-01,1943.0,1891.34,1856.5933333333332,1854.865,4.519999999999982,1827.0,1990.0,0.014621409921671047
2023-03-02,1942.0,1893.04,1857.2866666666666,1855.235,4.754999999999882,1827.0,1990.0,0.014629049111807735
2023-03-03,1952.0,1894.94,1858.06,1855.665,5.079999999999927,1827.0,1990.0,0.015608740894901052
2023-03-06,1964.0,1897.54,1858.9266666666667,1856.16,5.394999999999982,1827.0,1990.0,0.0202597402597402
2023-03-07,1965.0,1899.78,1859.7866666666666,1856.635,5.660000000000082,1827.0,1990.0,0.01445534331440368
2023-03-08,1965.0,1902.06,1860.64,1857.095,5.759999999999991,1827.0,1990.0,0.016554578375582052
2023-03-09,1977.0,1904.74,1861.58,1857.605,5.944999999999936,1827.0,1990.0,0.022233712512926607
2023-03-10,1975.0,1907.42,1862.5,1858.23,6.3900000000001,1827.0,1990.0,0.02225672877846785
2023-03-13,1967.0,1909.66,1863.3533333333332,1858.755,6.805000000000064,1827.0,1990.0,0.01917098445595844
2023-03-14,1966.0,1911.98,1864.1933333333334,1859.285,7.085000000000036,1827.0,1990.0,0.01392470345538932
2023-03-15,1950.0,1913.9,1864.9466666666667,1859.785,7.435000000000173,1827.0,1990.0,0.00723140495867769
2023-03-16,1932.0,1915.38,1865.56,1860.185,7.649999999999864,1827.0,1990.0,-0.0025813113061434745
2023-03-17,1940.0,1917.02,1866.2466666666667,1860.625,7.8900000000001,1827.0,1990.0,-0.0025706940874036244
2023-03-20,1960.0,1919.22,1867.0733333333333,1861.15,8.25500000000011,1827.0,1990.0,0.007194244604316502
2023-03-22,1930.0,1920.8,1867.7066666666667,1861.56,8.434999999999945,1827.0,1990.0,-0.007201646090534974
2023-03-23,1940.0,1922.54,1868.4066666666668,1862.015,8.605000000000018,1827.0,1990.0,0.0020661157024792765
2023-03-24,1955.0,1923.9,1869.2133333333334,1862.49,8.920000000000073,1827.0,1990.0,0.009814049586776896
2023-03-27,1969.0,1925.76,1870.1466666666668,1863.035,9.175000000000182,1827.0,1990.0,0.018097207859358866
2023-03-28,1970.0,1927.36,1871.0933333333332,1863.585,9.38000000000011,1827.0,1990.0,0.023376623376623273
2023-03-29,1978.0,1929.12,1872.1,1864.195,9.694999999999936,1827.0,1990.0,0.0328981723237598
2023-03-30,1900.0,1929.4,1872.58,1864.44,9.575000000000045,1827.0,1990.0,-0.012987012987012991
2023-03-31,1882.0,1929.28,1872.94,1864.6,9.365000000000009,1827.0,1990.0,-0.021829521829521803
2023-04-03,1878.0,1929.34,1873.2066666666667,1864.74,9.075000000000045,1827.0,1990.0,-0.023908523908523938
2023-04-04,1880.0,1929.4,1873.5066666666667,1864.895,8.7349999999999,1827.0,1990.0,-0.024896265560165998
2023-04-05,1872.0,1929.08,1873.7866666666666,1864.965,8.329999999999927,1827.0,1990.0,-0.030554117037804196
2023-04-06,1874.0,1928.72,1874.0866666666666,1865.09,7.994999999999891,1827.0,1990.0,-0.03451828954147351
2023-04-07,1862.0,1928.1,1874.3066666666666,1865.165,7.559999999999945,1827.0,1990.0,-0.04610655737704916
2023-04-10,1870.0,1927.44,1874.5866666666666,1865.29,7.059999999999945,1827.0,1990.0,-0.04102564102564099
2023-04-11,1862.0,1926.46,1874.8066666666666,1865.385,6.629999999999882,1827.0,1990.0,-0.050000000000000044
2023-04-12,1873.0,1925.46,1875.0866666666666,1865.535,6.25,1827.0,1990.0,-0.04633401221995925
2023-04-13,1869.0,1924.52,1875.3133333333333,1865.685,5.899999999999864,1827.0,1990.0,-0.05126903553299489
2023-04-14,1868.0,1923.48,1875.5333333333333,1865.825,5.6400000000001,1827.0,1978.0,-0.06130653266331654
2023-04-17,1865.0,1922.38,1875.74,1865.95,5.3250000000000455,1827.0,1978.0,-0.04846938775510201
2023-04-18,1859.0,1920.94,1875.8733333333332,1866.04,4.889999999999873,1827.0,1978.0,-0.0179609086106709
2023-04-19,1858.0,1919.16,1876.0133333333333,1866.13,4.570000000000164,1827.0,1978.0,-0.021590310689836745
2023-04-20,1867.0,1917.14,1876.2333333333333,1866.225,4.209999999999809,1827.0,1978.0,-0.014775725593667577
2023-04-21,1871.0,1915.46,1876.4866666666667,1866.38,3.8900000000001,1827.0,1978.0,-0.01784776902887142
2023-04-24,1871.0,1914.48,1876.74,1866.495,3.459999999999809,1827.0,1978.0,-0.013185654008438852
2023-04-25,1880.0,1913.96,1877.0733333333333,1866.67,3.0850000000000364,1827.0,1978.0,-0.005291005291005346
2023-04-26,1864.0,1913.14,1877.3,1866.79,2.5950000000000273,1827.0,1978.0,-0.010615711252653925
2023-04-27,1873.0,1912.62,1877.5533333333333,1866.96,2.519999999999982,1827.0,1978.0,-0.0058386411889597145
2023-04-28,1877.0,1912.24,1877.8666666666666,1867.105,2.505000000000109,1827.0,1978.0,0.011859838274932644
2023-05-01,1880.0,1911.94,1878.1666666666667,1867.31,2.5699999999999363,1827.0,1978.0,0.005885500267522659
2023-05-02,1880.0,1911.8,1878.4666666666667,1867.485,2.589999999999918,1827.0,1978.0,0.011296395911780444
2023-05-08,1890.0,1911.36,1878.8333333333333,1867.735,2.769999999999982,1827.0,1978.0,0.018867924528301883
2023-05-09,1895.0,1910.96,1879.2266666666667,1868.02,2.9300000000000637,1827.0,1978.0,0.02156334231805923
2023-05-10,1900.0,1910.86,1879.6533333333334,1868.315,3.150000000000091,1827.0,1978.0,0.018220793140407254
2023-05-11,1908.0,1910.6,1880.1066666666666,1868.65,3.3600000000001273,1827.0,1978.0,0.026910656620021456
2023-05-12,1903.0,1910.02,1880.5266666666666,1868.99,3.605000000000018,1827.0,1978.0,0.01601708489054987
2023-05-15,1871.0,1908.84,1880.7133333333334,1869.125,3.589999999999918,1827.0,1978.0,0.004294149221685473
2023-05-16,1874.0,1907.46,1880.9733333333334,1869.31,3.625,1827.0,1978.0,0.005904455179817525
2023-05-17,1880.0,1906.22,1881.2933333333333,1869.52,3.6949999999999363,1827.0,1978.0,0.0048102618920362605
2023-05-18,1875.0,1904.68,1881.4866666666667,1869.715,3.7649999999998727,1827.0,1978.0,0.002673796791443861
2023-05-19,1881.0,1903.02,1881.8,1869.95,3.910000000000082,1827.0,1978.0,0.006959314775160541
2023-05-22,1914.0,1902.0,1882.3,1870.34,4.209999999999809,1827.0,1978.0,0.025723472668810254
2023-05-23,1913.0,1900.96,1882.7933333333333,1870.72,4.495000000000118,1827.0,1978.0,0.02573726541554966
2023-05-24,1912.0,1899.66,1883.2933333333333,1871.1,4.7199999999998,1827.0,1978.0,0.022459893048128343
2023-05-25,1905.0,1898.26,1883.7333333333333,1871.44,4.945000000000164,1827.0,1978.0,0.017084890549919907
2023-05-26,1905.0,1897.02,1884.16,1871.77,5.099999999999909,1827.0,1978.0,0.016000000000000014
2023-05-29,1900.0,1895.7,1884.58,1872.07,5.279999999999973,1827.0,1978.0,0.027027027027026973
2023-05-30,1896.0,1894.62,1884.96,1872.365,5.404999999999973,1827.0,1978.0,0.018259935553168738
2023-05-31,1896.0,1893.9,1885.3466666666666,1872.645,5.539999999999964,1827.0,1978.0,0.019354838709677358
2023-06-01,1896.0,1893.02,1885.7333333333333,1872.94,5.630000000000109,1827.0,1978.0,0.024864864864864833
2023-06-02,1900.0,1891.82,1886.1266666666668,1873.26,5.775000000000091,1827.0,1978.0,0.02591792656587466
2023-06-05,1900.0,1891.22,1886.5333333333333,1873.585,5.850000000000136,1827.0,1978.0,0.02591792656587466
2023-06-06,1902.0,1890.46,1886.96,1873.92,5.900000000000091,1827.0,1978.0,0.025336927223719607
2023-06-07,1905.0,1889.46,1887.42,1874.275,5.960000000000036,1827.0,1978.0,0.030844155844155896
2023-06-08,1901.0,1888.1,1887.8733333333332,1874.635,5.9849999999999,1827.0,1978.0,0.028123309897241766
2023-06-09,1909.0,1886.88,1888.4,1875.04,6.0499999999999545,1827.0,1978.0,0.026344086021505397
2023-06-12,1910.0,1885.52,1888.86,1875.455,6.329999999999927,1827.0,1978.0,0.026881720430107503
2023-06-13,1911.0,1885.74,1889.38,1875.87,6.559999999999945,1827.0,1978.0,0.02741935483870961
2023-06-14,1911.0,1886.32,1889.9,1876.285,6.7650000000001,1827.0,1978.0,0.02963362068965525
2023-06-15,1911.0,1886.98,1890.44,1876.65,6.935000000000173,1827.0,1978.0,0.03241491085899506
2023-06-16,1920.0,1887.78,1890.84,1877.075,7.125,1827.0,1978.0,0.037837837837837895
2023-06-19,1927.0,1888.88,1891.48,1877.56,7.220000000000027,1827.0,1978.0,0.04162162162162164
2023-06-20,1931.0,1890.02,1892.1133333333332,1878.07,7.349999999999909,1827.0,1978.0,0.04434829637641968
2023-06-21,1938.0,1891.54,1892.7666666666667,1878.615,7.5150000000001,1827.0,1978.0,0.04305705059203446
2023-06-22,1945.0,1893.04,1893.4933333333333,1879.2,7.759999999999991,1827.0,1978.0,0.051919956733369466
2023-06-23,1915.0,1894.1,1894.0266666666666,1879.63,7.860000000000127,1827.0,1978.0,0.0368164591229021
2023-06-26,1916.0,1894.96,1894.5666666666666,1880.055,7.985000000000127,1827.0,1978.0,0.03848238482384825
2023-06-27,1920.0,1895.98,1895.1266666666668,1880.48,8.115000000000009,1827.0,1978.0,0.04177970699945743
2023-06-28,1920.0,1897.02,1895.6866666666667,1880.905,8.259999999999991,1827.0,1978.0,0.04177970699945743
2023-06-29,1935.0,1898.42,1896.3666666666666,1881.41,8.470000000000027,1827.0,1978.0,0.05220228384991854
2023-06-30,1950.0,1900.24,1897.1333333333334,1881.965,8.704999999999927,1827.0,1978.0,0.059782608695652106
2023-07-03,1960.0,1902.28,1897.96,1882.58,8.99499999999989,1827.0,1978.0,0.0652173913043479
2023-07-04,1969.0,1904.32,1898.76,1883.255,9.335000000000036,1827.0,1978.0,0.06952743074416068
2023-07-05,1961.0,1906.12,1899.5,1883.895,9.61999999999989,1827.0,1978.0,0.06576086956521743
2023-07-06,1952.0,1907.74,1900.18,1884.49,9.855000000000018,1827.0,1978.0,0.05627705627705626
2023-07-07,1953.0,1909.2,1900.6666666666667,1885.105,10.065000000000055,1827.0,1978.0,0.06141304347826093
2023-07-10,1960.0,1911.12,1901.2933333333333,1885.755,10.300000000000182,1827.0,1978.0,0.06060606060606055
2023-07-11,1960.0,1912.86,1901.9133333333334,1886.38,10.510000000000218,1827.0,1978.0,0.06233062330623307
2023-07-12,1963.0,1914.58,1902.6333333333334,1887.045,10.759999999999991,1827.0,1978.0,0.0668478260869565
2023-07-13,1970.0,1916.38,1903.4,1887.72,11.069999999999936,1827.0,1978.0,0.07123436650353443
2023-07-14,1968.0,1918.14,1904.1466666666668,1888.385,11.309999999999945,1827.0,1978.0,0.06493506493506485
2023-07-18,2028.0,1920.9,1905.28,1889.35,11.789999999999964,1827.0,2028.0,0.102773246329527
2023-07-19,2022.0,1923.44,1906.3466666666666,1890.28,12.210000000000036,1827.0,2028.0,0.09593495934959351
2023-07-20,2034.0,1926.12,1907.5,1891.27,12.654999999999973,1827.0,2034.0,0.10543478260869565
2023-07-21,2030.0,1928.56,1908.6266666666668,1892.22,13.019999999999982,1827.0,2034.0,0.10446137105549513
2023-07-24,2086.0,1932.22,1910.1266666666668,1893.45,13.819999999999936,1827.0,2086.0,0.13307984790874516
2023-07-25,2078.0,1936.36,1911.6,1894.625,14.569999999999936,1827.0,2086.0,0.1287343834872352
2023-07-26,2073.0,1940.34,1913.0466666666666,1895.815,15.335000000000036,1827.0,2086.0,0.12970027247956395
2023-07-27,2078.0,1944.3,1914.52,1897.045,16.1400000000001,1827.0,2086.0,0.1268980477223427
2023-07-28,2077.0,1948.34,1915.9866666666667,1898.2,16.789999999999964,1827.0,2086.0,0.13064779531845394
2023-07-31,2074.0,1952.2,1917.5866666666666,1899.4,17.435000000000173,1827.0,2086.0,0.12840043525571265
2023-08-01,2075.0,1955.42,1919.0666666666666,1900.58,18.0,1827.0,2086.0,0.13017429193899788
2023-08-02,2085.0,1958.86,1920.6266666666668,1901.81,18.554999999999836,1827.0,2086.0,0.13685932388222466
2023-08-03,2094.0,1962.5,1922.3,1903.095,19.200000000000045,1827.0,2094.0,0.1405228758169934
2023-08-04,2104.0,1966.48,1924.0533333333333,1904.42,19.930000000000064,1827.0,2104.0,0.14534567229178008
2023-08-07,1950.0,1967.38,1924.6866666666667,1904.965,19.8599999999999,1827.0,2104.0,0.06209150326797386
2023-08-08,1953.0,1968.44,1925.3733333333332,1905.545,19.789999999999964,1827.0,2104.0,0.06314643440391943
2023-08-09,1963.0,1969.78,1926.1,1906.165,19.784999999999854,1827.0,2104.0,0.06742794997281121
2023-08-10,1978.0,1971.42,1926.9,1906.865,19.819999999999936,1827.0,2104.0,0.07499999999999996
2023-08-14,1981.0,1973.12,1927.72,1907.58,19.8599999999999,1827.0,2104.0,0.07838867719107245
2023-08-15,1992.0,1974.96,1928.6666666666667,1908.335,19.950000000000045,1827.0,2104.0,0.08260869565217388
2023-08-16,1995.0,1976.86,1929.6266666666668,1909.115,19.7650000000001,1827.0,2104.0,0.08600979858464886
2023-08-17,1962.0,1978.06,1930.3533333333332,1909.735,19.454999999999927,1827.0,2104.0,0.06862745098039214
2023-08-18,1975.0,1979.46,1930.94,1910.43,19.160000000000082,1827.0,2104.0,0.07629427792915533
2023-08-21,1957.0,1980.58,1931.48,1911.05,18.829999999999927,1827.0,2104.0,0.0664850136239783
2023-08-22,1980.0,1982.0,1932.08,1911.8,18.34999999999991,1827.0,2104.0,0.07960741548527817
2023-08-23,1980.0,1983.4,1932.68,1912.495,17.86999999999989,1827.0,2104.0,0.08255877528704203
2023-08-25,1987.0,1984.92,1933.3533333333332,1913.265,17.450000000000045,1827.0,2104.0,0.08698030634573306
2023-08-28,1989.0,1986.48,1934.0266666666666,1914.045,17.0,1828.0,2104.0,0.08866995073891615
2023-08-29,1986.0,1987.98,1934.7666666666667,1914.825,16.625,1828.0,2104.0,0.08643326039387311
2023-08-30,2000.0,1989.58,1935.5866666666666,1915.525,16.125,1828.0,2104.0,0.09409190371991238
2023-08-31,2012.0,1991.28,1936.4133333333334,1916.43,15.850000000000136,1828.0,2104.0,0.09466811751904247
2023-09-01,2005.0,1992.76,1937.1666666666667,1917.275,15.465000000000146,1828.0,2104.0,0.0926430517711172
2023-09-04,2013.0,1994.26,1937.9666666666667,1918.14,15.045000000000073,1828.0,2104.0,0.10000000000000009
2023-09-05,2004.0,1995.44,1938.64,1918.98,14.559999999999945,1828.0,2104.0,0.09568069983597605
2023-09-06,2008.0,1997.3,1939.2866666666666,1919.845,14.88000000000011,1828.0,2104.0,0.0978676872607982
2023-09-07,2011.0,1999.2,1939.8733333333332,1920.725,15.179999999999836,1829.0,2104.0,0.10010940919037203
2023-09-08,2018.0,2001.16,1940.5533333333333,1921.635,15.470000000000027,1830.0,2104.0,0.10333515582285391
2023-09-11,2007.0,2002.9,1941.1333333333334,1922.49,15.625,1830.0,2104.0,0.09612233752048072
2023-09-12,2004.0,2004.28,1941.6933333333334,1923.345,15.7650000000001,1830.0,2104.0,0.09209809264305169
2023-09-13,2002.0,2005.32,1942.1666666666667,1924.18,15.845000000000027,1830.0,2104.0,0.09100817438692088
2023-09-14,2004.0,2006.2,1942.5466666666666,1925.02,15.904999999999973,1830.0,2104.0,0.09269356597600864
2023-09-15,2005.0,2006.92,1942.7933333333333,1925.8,16.065000000000055,1830.0,2104.0,0.09026644915715054
2023-09-19,2007.0,2007.84,1943.14,1926.585,16.154999999999973,1830.0,2104.0,0.09254218835057149
2023-09-20,2015.0,2009.1,1943.7733333333333,1927.41,16.360000000000127,1830.0,2104.0,0.098691384950927
2023-09-21,2018.0,2010.4,1944.52,1928.1,16.299999999999955,1830.0,2104.0,0.10092744135297327
2023-09-22,2025.0,2011.7,1945.32,1928.895,16.40000000000009,1830.0,2104.0,0.10474631751227492
2023-09-25,2026.0,2013.02,1946.1666666666667,1929.69,16.424999999999955,1830.0,2104.0,0.1071038251366121
2023-09-26,2018.0,2014.12,1946.98,1930.505,16.460000000000036,1830.0,2104.0,0.10273224043715845
2023-09-27,2045.0,2015.62,1947.98,1931.455,16.62999999999988,1830.0,2104.0,0.11444141689373288
2023-09-28,2030.0,2016.86,1948.9333333333334,1932.325,16.799999999999955,1830.0,2104.0,0.1092896174863387
2023-09-29,2050.0,2017.3,1949.8533333333332,1933.285,16.855000000000018,1830.0,2104.0,0.11716621253406001
2023-10-02,2035.0,2017.56,1950.6533333333334,1934.15,16.875,1830.0,2104.0,0.10899182561307907
2023-10-03,2045.0,2017.78,1951.5866666666666,1935.07,16.929999999999836,1830.0,2104.0,0.11444141689373288
2023-10-04,2050.0,2018.18,1952.4466666666667,1936.015,17.035000000000082,1830.0,2104.0,0.11655773420479298
2023-10-05,2048.0,2017.42,1953.22,1936.95,17.105000000000018,1830.0,2104.0,0.11546840958605675
2023-10-06,2035.0,2016.56,1953.92,1937.84,17.11500000000001,1830.0,2104.0,0.10597826086956519
2023-10-10,2041.0,2015.92,1954.5733333333333,1938.765,17.13000000000011,1830.0,2104.0,0.10923913043478262
2023-10-11,2039.0,2015.14,1955.22,1939.675,17.184999999999945,1830.0,2104.0,0.10634834508952795
2023-10-12,2040.0,2014.4,1955.8066666666666,1940.59,17.24499999999989,1830.0,2104.0,0.11171662125340598
2023-10-13,2065.0,2014.22,1956.48,1941.745,17.564999999999827,1830.0,2104.0,0.12718340611353707
2023-10-16,2071.0,2014.14,1957.1866666666667,1942.835,17.815000000000055,1830.0,2104.0,0.12188515709642478
2023-10-17,2046.0,2013.36,1957.7266666666667,1943.81,18.00999999999999,1830.0,2104.0,0.11559432933478742
2023-10-18,2032.0,2012.12,1958.0933333333332,1944.755,18.170000000000073,1830.0,2104.0,0.10494834148994014
2023-10-20,2031.0,2010.66,1958.4666666666667,1945.705,18.294999999999845,1830.0,2104.0,0.10440456769983686
2023-10-23,2047.0,2012.6,1959.0,1946.665,18.565000000000055,1830.0,2104.0,0.11431682090364714
2023-10-24,2034.0,2014.22,1959.4533333333334,1947.585,18.690000000000055,1830.0,2104.0,0.10603588907014672
2023-10-25,2047.0,2015.9,1960.1,1948.55,18.8599999999999,1830.0,2104.0,0.11189570885388367
2023-10-26,2041.0,2017.16,1960.8266666666666,1949.465,18.95999999999981,1830.0,2104.0,0.11105062602068583
2023-10-27,2038.0,2018.3,1961.48,1950.365,18.910000000000082,1830.0,2104.0,0.10821098423056008
2023-10-30,2035.0,2019.16,1961.98,1951.29,18.964999999999918,1830.0,2104.0,0.10718171926006526
2023-10-31,2016.0,2019.58,1962.5533333333333,1952.115,18.829999999999927,1830.0,2104.0,0.09684439608269857
2023-11-01,2021.0,2020.76,1963.0933333333332,1952.955,18.804999999999836,1830.0,2104.0,0.09777294948397608
2023-11-02,2016.0,2021.58,1963.5,1953.6,18.529999999999973,1830.0,2104.0,0.09624796084828713
2023-11-06,2011.0,2022.66,1963.78,1954.275,18.25999999999999,1830.0,2104.0,0.09412404787812845
2023-11-07,2001.0,2023.08,1963.9866666666667,1954.83,17.87999999999988,1830.0,2104.0,0.08986928104575154
2023-11-08,2016.0,2023.8,1964.24,1955.46,17.62000000000012,1830.0,2104.0,0.09983633387888702
2023-11-09,2020.0,2024.46,1965.04,1956.13,17.36500000000001,1830.0,2104.0,0.10382513661202175
2023-11-10,2016.0,2025.0,1965.9333333333334,1956.77,17.095000000000027,1830.0,2104.0,0.09505703422053235
2023-11-13,2010.0,2025.48,1966.8133333333333,1957.445,16.855000000000018,1830.0,2104.0,0.09656301145662849
2023-11-14,2013.0,2025.74,1967.7,1958.125,16.38000000000011,1830.0,2104.0,0.09819967266775786
2023-11-15,2011.0,2025.72,1968.6266666666668,1958.74,15.904999999999973,1831.0,2104.0,0.09890710382513657
2023-11-16,2020.0,2026.02,1969.6,1959.38,15.570000000000164,1831.0,2104.0,0.08602150537634401
2023-11-17,2023.0,2026.22,1970.6733333333334,1960.03,15.274999999999864,1833.0,2104.0,0.10486073184052436
2023-11-20,2017.0,2026.48,1971.6533333333334,1960.6,14.894999999999982,1833.0,2104.0,0.09858387799564272
2023-11-22,2020.0,2026.72,1972.7066666666667,1961.145,14.480000000000018,1833.0,2104.0,0.09782608695652173
2023-11-24,2029.0,2027.08,1973.7466666666667,1961.675,14.089999999999918,1833.0,2104.0,0.105119825708061
2023-11-27,2039.0,2027.5,1974.88,1962.29,13.740000000000009,1833.0,2104.0,0.11117166212534069
2023-11-28,2040.0,2028.16,1976.0266666666666,1962.89,13.425000000000182,1833.0,2104.0,0.11171662125340598
2023-11-29,2052.0,2029.12,1977.2733333333333,1963.55,13.184999999999945,1833.0,2104.0,0.11764705882352944
2023-11-30,2052.0,2030.12,1978.56,1964.155,12.865000000000009,1833.0,2104.0,0.11764705882352944
2023-12-01,2042.0,2030.88,1979.7866666666666,1964.63,12.5150000000001,1834.0,2104.0,0.1140207310420076
2023-12-04,2033.0,2031.44,1980.8933333333334,1964.955,12.0,1834.0,2104.0,0.10790190735694827
2023-12-05,2065.0,2032.6,1982.1866666666667,1965.505,11.9050000000002,1834.0,2104.0,0.12472766884531583
2023-12-06,2049.0,2033.28,1983.3733333333332,1966.15,11.875,1834.0,2104.0,0.108166576527853
2023-12-07,2054.0,2034.0,1984.5333333333333,1966.89,12.060000000000173,1834.0,2104.0,0.11027027027027025
2023-12-08,2050.0,2034.5,1985.7733333333333,1967.615,12.154999999999973,1834.0,2104.0,0.10810810810810811
2023-12-11,2048.0,2034.94,1986.94,1968.36,12.22999999999979,1834.0,2104.0,0.08936170212765959
2023-12-12,2048.0,2035.54,1988.08,1969.12,12.349999999999909,1834.0,2104.0,0.097534833869239
2023-12-13,2047.0,2035.58,1989.1933333333334,1969.88,12.435000000000173,1834.0,2104.0,0.09641135511515797
2023-12-14,2050.0,2035.98,1990.3266666666666,1970.695,12.569999999999936,1834.0,2104.0,0.10512129380053903
2023-12-15,2050.0,2035.98,1991.3933333333334,1971.385,12.644999999999982,1834.0,2104.0,0.10512129380053903
2023-12-18,2050.0,2036.28,1992.4266666666667,1972.06,12.679999999999836,1834.0,2104.0,0.10452586206896552
2023-12-19,2045.0,2036.28,1993.3933333333334,1972.76,12.730000000000018,1834.0,2104.0,0.10064585575888052
2023-12-20,2040.0,2036.08,1994.2733333333333,1973.355,12.75500000000011,1834.0,2104.0,0.09559613319011806
2023-12-21,2048.0,2036.08,1995.24,1973.935,12.789999999999964,1834.0,2104.0,0.10048361096184855
2023-12-22,2055.0,2036.48,1996.4666666666667,1974.56,12.884999999999991,1834.0,2104.0,0.10424502955400317
2023-12-25,2054.0,2036.74,1997.6666666666667,1975.115,12.825000000000045,1834.0,2104.0,0.10370768404083819
2023-12-26,2050.0,2036.96,1998.8,1975.655,12.764999999999873,1834.0,2104.0,0.10393107162089388
2023-12-27,2051.0,2037.18,1999.9733333333334,1976.15,12.600000000000136,1834.0,2104.0,0.1050646551724137
2023-12-28,2060.0,2037.08,2001.1666666666667,1976.63,12.475000000000136,1834.0,2104.0,0.10931610123855684
2023-12-29,2070.0,2037.06,2002.2066666666667,1977.155,12.524999999999864,1834.0,2104.0,0.1147011308562198
2024-01-04,2100.0,2038.14,2003.4533333333334,1977.83,12.875,1841.0,2104.0,0.1450381679389312
2024-01-05,2100.0,2039.5,2004.7066666666667,1978.445,12.939999999999827,1841.0,2104.0,0.1332973556395034
2024-01-09,2101.0,2040.9,2006.0133333333333,1979.075,12.924999999999955,1841.0,2104.0,0.13506212857914646
2024-01-10,2103.0,2042.02,2007.3333333333333,1979.755,12.865000000000009,1841.0,2104.0,0.1410743353228432
2024-01-11,2106.0,2043.46,2008.7066666666667,1980.455,12.839999999999918,1850.0,2106.0,0.14394350896252028
2024-01-12,2117.0,2044.86,2010.18,1981.29,12.930000000000064,1850.0,2117.0,0.14123989218328847
2024-01-15,2125.0,2046.54,2011.7066666666667,1982.255,13.135000000000218,1850.0,2125.0,0.14864864864864868
2024-01-16,2138.0,2048.54,2013.32,1983.245,13.364999999999782,1850.0,2138.0,0.15318230852211445
2024-01-17,2196.0,2051.76,2015.2933333333333,1984.425,13.730000000000018,1850.0,2196.0,0.18191603875134543
2024-01-18,2209.0,2055.62,2017.3533333333332,1985.82,14.434999999999945,1850.0,2209.0,0.18891280947255118
2024-01-19,2208.0,2059.36,2019.3933333333334,1987.16,15.100000000000136,1851.0,2209.0,0.19351351351351354
2024-01-22,2220.0,2063.44,2021.4933333333333,1988.485,15.724999999999909,1853.0,2220.0,0.19935170178282013
2024-01-23,2238.0,2067.98,2023.74,1989.83,16.47499999999991,1858.0,2238.0,0.2077711818672423
2024-01-24,2240.0,2072.76,2025.9466666666667,1991.18,17.24500000000012,1858.0,2240.0,0.18706942236354007
2024-01-25,2235.0,2077.14,2028.1133333333332,1992.465,17.904999999999973,1858.0,2240.0,0.19136460554370993
2024-01-26,2240.0,2081.54,2030.3066666666666,1994.165,19.049999999999955,1858.0,2240.0,0.18518518518518512
2024-01-29,2243.0,2086.08,2032.52,1995.97,20.315000000000055,1858.0,2243.0,0.1867724867724867
2024-01-30,2250.0,2090.88,2034.78,1997.83,21.679999999999836,1858.0,2250.0,0.19300106044538712
2024-01-31,2251.0,2095.64,2036.9866666666667,1999.685,23.054999999999836,1858.0,2251.0,0.1922669491525424
2024-02-01,2250.0,2100.42,2039.14,2001.575,24.420000000000073,1858.0,2251.0,0.19999999999999996
2024-02-02,2250.0,2105.02,2041.2666666666667,2003.455,25.625,1858.0,2251.0,0.19872136387852968
2024-02-05,2251.0,2109.58,2043.3533333333332,2005.4,26.955000000000155,1858.0,2251.0,0.1922669491525424
2024-02-06,2248.0,2114.2,2045.3733333333332,2007.29,28.214999999999918,1858.0,2251.0,0.18816067653276947
2024-02-07,2253.0,2118.86,2047.6266666666668,2009.245,29.48999999999978,1858.0,2253.0,0.19017432646592702
2024-02-08,2250.0,2123.28,2049.8533333333335,2011.13,30.675000000000182,1858.0,2253.0,0.18234366789280076
2024-02-09,2236.0,2127.22,2051.96,2012.965,31.674999999999955,1858.0,2253.0,0.17006802721088432
2024-02-13,2192.0,2130.26,2053.7733333333335,2014.585,32.32999999999993,1858.0,2253.0,0.13988559542381696
2024-02-14,2207.0,2133.36,2055.5866666666666,2016.295,33.05000000000018,1858.0,2253.0,0.15187891440501033
2024-02-15,2155.0,2135.42,2056.9533333333334,2017.775,33.350000000000136,1858.0,2253.0,0.12239583333333326
2024-02-16,2162.0,2137.82,2058.3,2019.295,33.475000000000136,1858.0,2253.0,0.1260416666666666
2024-02-19,2189.0,2140.94,2059.766666666667,2020.905,33.74499999999989,1858.0,2253.0,0.1336095287415846
2024-02-20,2211.0,2143.86,2061.4333333333334,2022.605,34.12000000000012,1858.0,2253.0,0.13559322033898313
2024-02-21,2215.0,2147.18,2063.1866666666665,2024.325,34.49500000000012,1858.0,2253.0,0.1255081300813008
2024-02-22,2209.0,2150.28,2064.8933333333334,2025.97,34.789999999999964,1858.0,2253.0,0.12992327365728906
2024-02-26,2200.0,2153.28,2066.4933333333333,2027.65,35.18500000000017,1858.0,2253.0,0.14583333333333326
2024-02-27,2208.0,2156.48,2068.1466666666665,2029.325,35.16000000000008,1858.0,2253.0,0.15844700944386148
2024-02-28,2232.0,2160.16,2069.94,2031.1,35.12999999999988,1858.0,2253.0,0.1716535433070867
2024-02-29,2232.0,2163.86,2071.6866666666665,2032.86,35.02999999999997,1858.0,2253.0,0.17535545023696675
2024-03-01,2246.0,2167.78,2073.54,2034.69,35.00500000000011,1858.0,2253.0,0.18459915611814348
2024-03-04,2258.0,2171.94,2075.0733333333333,2036.53,34.95499999999993,1858.0,2258.0,0.19155672823218994
2024-03-05,2262.0,2176.18,2076.673333333333,2038.365,34.91000000000008,1858.0,2262.0,0.19872813990461058
2024-03-06,2260.0,2180.48,2078.18,2040.165,34.76499999999987,1858.0,2262.0,0.18200836820083688
2024-03-07,2271.0,2185.1,2079.786666666667,2041.98,34.690000000000055,1858.0,2271.0,0.18590078328981718
2024-03-08,2293.0,2190.0,2081.1666666666665,2043.93,34.68500000000017,1858.0,2293.0,0.20367454068241475
2024-03-11,2289.0,2194.68,2082.5733333333333,2046.02,34.88999999999987,1858.0,2293.0,0.1915668922436231
2024-03-12,2307.0,2199.74,2084.133333333333,2048.185,35.22000000000003,1858.0,2307.0,0.19409937888198758
2024-03-13,2291.0,2204.56,2085.5533333333333,2050.24,35.654999999999745,1858.0,2307.0,0.18704663212435224
2024-03-14,2300.0,2209.54,2087.04,2052.365,36.06999999999971,1858.0,2307.0,0.1837364899639733
2024-03-15,2296.0,2214.26,2088.52,2054.44,36.664999999999964,1858.0,2307.0,0.1822863027806385
2024-03-18,2313.0,2219.12,2090.1066666666666,2056.435,37.13999999999987,1858.0,2313.0,0.18493852459016402
2024-03-19,2339.0,2223.9,2091.8,2058.565,37.66000000000008,1858.0,2339.0,0.19093686354378825
2024-03-21,2398.0,2229.86,2093.826666666667,2060.995,38.38999999999987,1858.0,2398.0,0.22035623409669203
2024-03-22,2430.0,2236.44,2096.0,2063.62,39.294999999999845,1858.0,2430.0,0.23664122137404586
2024-03-25,2450.0,2243.38,2099.3333333333335,2066.345,40.37499999999977,1858.0,2450.0,0.2392513909964593
2024-03-26,2478.0,2250.82,2102.8333333333335,2069.235,41.585000000000036,1858.0,2478.0,0.25468354430379736
2024-03-27,2490.0,2258.28,2106.346666666667,2072.205,42.87999999999988,1858.0,2490.0,0.2658871377732588
2024-03-28,2271.0,2261.2,2108.3,2074.08,42.98000000000002,1858.0,2490.0,0.15513733468972535
2024-03-29,2250.0,2263.44,2110.0933333333332,2075.85,42.99000000000001,1858.0,2490.0,0.15384615384615374
2024-04-01,2220.0,2263.92,2111.6133333333332,2077.45,42.75999999999976,1858.0,2490.0,0.14906832298136652
2024-04-02,2229.0,2264.32,2113.173333333333,2079.095,42.56499999999983,1858.0,2490.0,0.14896907216494837
2024-04-03,2220.0,2264.56,2114.8933333333334,2080.685,42.319999999999936,1858.0,2490.0,0.13265306122448983
2024-04-04,2218.0,2264.52,2116.5133333333333,2082.25,42.085000000000036,1858.0,2490.0,0.14922279792746118
2024-04-05,2200.0,2263.76,2118.133333333333,2083.745,41.76499999999987,1858.0,2490.0,0.134020618556701
2024-04-08,2200.0,2262.96,2119.6,2085.2,41.269999999999754,1858.0,2490.0,0.1253196930946292
2024-04-09,2166.0,2261.58,2120.84,2086.48,40.460000000000036,1858.0,2490.0,0.10005078720162519
2024-04-10,2135.0,2259.48,2121.826666666667,2087.6,39.414999999999964,1858.0,2490.0,0.08375634517766506
2024-04-11,2116.0,2256.94,2122.673333333333,2088.625,38.38500000000022,1858.0,2490.0,0.06976744186046502
2024-04-12,2110.0,2254.14,2123.5,2089.62,37.25500000000011,1858.0,2490.0,0.11052631578947358
2024-04-15,2098.0,2251.08,2124.153333333333,2090.51,36.070000000000164,1858.0,2490.0,0.11477151965993615
2024-04-16,2094.0,2247.96,2124.7,2091.345,34.909999999999854,1858.0,2490.0,0.11501597444089451
2024-04-17,2086.0,2244.68,2125.24,2092.12,33.554999999999836,1858.0,2490.0,0.10957446808510629
2024-04-18,2074.0,2241.14,2125.6466666666665,2092.8,31.80500000000029,1858.0,2490.0,0.10790598290598297
2024-04-19,2072.0,2237.62,2126.1,2093.435,29.815000000000055,1858.0,2490.0,0.10565635005336182
2024-04-22,2093.0,2234.42,2126.6666666666665,2094.325,27.980000000000018,1858.0,2490.0,0.12406015037593976
2024-04-23,2087.0,2231.16,2127.173333333333,2095.18,25.94499999999971,1858.0,2490.0,0.11604278074866303
2024-04-24,2100.0,2228.44,2127.72,2096.08,23.875,1858.0,2490.0,0.1278195488721805
2024-04-25,2136.0,2227.32,2128.58,2097.16,23.079999999999927,1858.0,2490.0,0.14041644420715427
2024-04-26,2101.0,2225.2,2129.2266666666665,2097.99,22.139999999999873,1858.0,2490.0,0.12413055109684312
2024-04-30,2133.0,2224.76,2130.1,2098.905,21.455000000000382,1858.0,2490.0,0.14186295503212
2024-05-01,2125.0,2224.02,2130.9066666666668,2099.73,20.63500000000022,1858.0,2490.0,0.13941018766756041
2024-05-02,2127.0,2222.78,2131.72,2100.52,19.835000000000036,1858.0,2490.0,0.14416352877891336
2024-05-07,2105.0,2220.66,2132.3733333333334,2101.24,18.98999999999978,1864.0,2490.0,0.1329386437029063
2024-05-08,2090.0,2218.16,2132.8733333333334,2101.93,18.184999999999945,1864.0,2490.0,0.11944295661489024
2024-05-09,2078.0,2215.54,2133.2733333333335,2102.555,17.355000000000018,1864.0,2490.0,0.11063602351683599
2024-05-10,2073.0,2213.0,2133.5933333333332,2103.12,16.639999999999873,1864.0,2490.0,0.107963655799038
2024-05-13,2089.0,2210.62,2134.0133333333333,2103.765,16.164999999999964,1864.0,2490.0,0.11117021276595751
2024-05-14,2305.0,2212.08,2135.9266666666667,2105.475,16.84999999999991,1871.0,2490.0,0.23658798283261806
2024-05-15,2357.0,2214.58,2138.0066666666667,2107.41,17.789999999999964,1871.0,2490.0,0.25840896956753867
2024-05-16,2323.0,2216.12,2139.96,2109.185,18.674999999999727,1871.0,2490.0,0.2376132125732553
2024-05-17,2341.0,2217.78,2141.9,2110.75,19.4050000000002,1871.0,2490.0,0.2452127659574468
2024-05-20,2344.0,2219.42,2143.96,2112.36,20.240000000000236,1871.0,2490.0,0.24680851063829778
2024-05-21,2370.0,2221.62,2146.1266666666666,2114.04,21.23999999999978,1871.0,2490.0,0.25396825396825395
2024-05-22,2374.0,2223.68,2148.286666666667,2115.76,22.325000000000273,1871.0,2490.0,0.2527704485488127
2024-05-23,2482.0,2227.46,2151.18,2117.74,23.414999999999964,1871.0,2490.0,0.3063157894736843
2024-05-24,2487.0,2231.42,2154.193333333333,2119.785,24.605000000000018,1871.0,2490.0,0.30345911949685545
2024-05-27,2459.0,2234.46,2156.98,2121.715,25.63500000000022,1871.0,2490.0,0.2921702574881766
2024-05-28,2430.0,2237.24,2159.5866666666666,2123.475,26.315000000000055,1874.0,2490.0,0.298770710849813
2024-05-29,2375.0,2238.74,2161.82,2124.965,26.975000000000364,1875.0,2490.0,0.26734258271077915
2024-05-30,2331.0,2239.44,2163.5933333333332,2126.25,27.3449999999998,1875.0,2490.0,0.23989361702127665
2024-05-31,2361.0,2240.4,2165.5266666666666,2127.68,27.949999999999818,1881.0,2490.0,0.2592000000000001
2024-06-03,2439.0,2242.4,2168.1466666666665,2129.45,28.929999999999836,1896.0,2490.0,0.2966507177033493
2024-06-04,2441.0,2243.26,2170.8733333333334,2131.185,29.945000000000164,1896.0,2490.0,0.2753396029258097
2024-06-05,2390.0,2242.46,2173.266666666667,2132.615,30.684999999999945,1896.0,2490.0,0.2493465760585467
2024-06-06,2386.0,2241.18,2175.5266666666666,2134.795,32.24000000000024,1896.0,2490.0,0.247907949790795
2024-06-07,2401.0,2239.64,2177.9733333333334,2137.035,33.914999999999964,1896.0,2490.0,0.26036745406824147
2024-06-10,2435.0,2238.54,2180.56,2139.395,35.63000000000011,1896.0,2490.0,0.2782152230971129
2024-06-11,2450.0,2242.12,2183.286666666667,2141.755,36.2800000000002,1896.0,2490.0,0.2894736842105263
2024-06-12,2450.0,2246.12,2186.0333333333333,2144.1,36.690000000000055,1896.0,2490.0,0.29219409282700415
2024-06-13,2438.0,2250.48,2188.72,2146.33,37.14499999999998,1896.0,2490.0,0.2858649789029535
2024-06-14,2453.0,2254.96,2191.633333333333,2148.62,37.86999999999989,1900.0,2490.0,0.2937763713080168
2024-06-17,2650.0,2263.56,2195.826666666667,2152.06,39.69999999999982,1900.0,2650.0,0.39473684210526305
2024-06-18,2822.0,2275.64,2201.2,2156.295,42.25500000000011,1901.0,2822.0,0.48526315789473684
2024-06-19,2767.0,2286.98,2206.24,2160.345,44.58499999999958,1901.0,2822.0,0.45478443743427976
2024-06-20,2701.0,2297.0,2210.9066666666668,2163.95,46.210000000000036,1901.0,2822.0,0.41784776902887133
2024-06-21,2662.0,2306.92,2215.213333333333,2167.36,47.57500000000027,1909.0,2822.0,0.40031562335612825
2024-06-24,2698.0,2318.18,2219.733333333333,2170.915,49.19999999999982,1910.0,2822.0,0.41330539549502365
2024-06-25,2730.0,2330.46,2224.4933333333333,2174.62,51.14499999999998,1911.0,2822.0,0.4293193717277486
2024-06-26,2726.0,2342.78,2229.266666666667,2178.32,53.35500000000002,1911.0,2822.0,0.4264782836211407
2024-06-27,2785.0,2356.52,2234.4133333333334,2182.245,55.99499999999989,1911.0,2822.0,0.4573521716378859
2024-06-28,2860.0,2371.84,2240.0733333333333,2186.485,58.80500000000029,1915.0,2860.0,0.4965986394557824
2024-07-01,2845.0,2387.02,2245.5733333333333,2190.685,61.23500000000013,1915.0,2860.0,0.48177083333333326
2024-07-02,2844.0,2402.42,2251.0466666666666,2194.84,63.6550000000002,1915.0,2860.0,0.4758692267773741
2024-07-03,2844.0,2417.86,2256.56,2199.04,66.42500000000018,1915.0,2860.0,0.472812014500259
2024-07-04,2852.0,2433.04,2262.1066666666666,2203.26,68.46500000000015,1915.0,2860.0,0.47162022703818374
2024-07-05,2857.0,2448.44,2267.6266666666666,2207.49,70.45499999999993,1915.0,2860.0,0.46889460154241647
2024-07-08,2821.0,2462.86,2272.84,2211.505,72.11000000000013,1916.0,2860.0,0.47310704960835515
2024-07-09,2842.0,2476.98,2278.1866666666665,2215.68,73.92499999999973,1920.0,2860.0,0.48329853862212935
2024-07-10,2806.0,2491.08,2283.213333333333,2219.69,75.59000000000015,1920.0,2860.0,0.4614583333333333
2024-07-11,2825.0,2504.92,2288.366666666667,2223.805,77.47499999999991,1935.0,2860.0,0.47135416666666674
2024-07-12,2812.0,2518.66,2293.5,2227.845,79.22499999999991,1950.0,2860.0,0.4532299741602068
2024-07-16,2811.0,2532.34,2298.6866666666665,2231.875,79.81500000000005,1950.0,2860.0,0.44153846153846144
2024-07-17,2823.0,2546.7,2303.74,2235.955,79.65999999999985,1950.0,2860.0,0.4403061224489795
2024-07-18,2812.0,2561.14,2308.826666666667,2239.94,79.59500000000025,1950.0,2860.0,0.42813610970035554
2024-07-19,2816.0,2575.9,2313.9066666666668,2243.93,79.98000000000002,1950.0,2860.0,0.4360020397756246
2024-07-22,2812.0,2590.68,2318.9866666666667,2247.865,80.50499999999965,1950.0,2860.0,0.44057377049180335
2024-07-23,2812.0,2605.14,2324.08,2251.795,80.88000000000011,1950.0,2860.0,0.439836149513569
2024-07-24,2792.0,2614.88,2329.04,2255.665,81.04500000000007,1950.0,2860.0,0.42448979591836733
2024-07-25,2782.0,2623.38,2333.94,2259.35,81.02999999999975,1950.0,2860.0,0.41938775510204085
2024-07-26,2776.0,2632.44,2338.78,2263.08,80.83500000000004,1950.0,2860.0,0.4141619969434538
2024-07-29,2777.0,2641.16,2343.6266666666666,2266.715,80.23000000000002,1950.0,2860.0,0.40964467005076144
2024-07-30,2776.0,2649.8,2348.4666666666667,2270.42,79.73500000000013,1950.0,2860.0,0.410569105691057
2024-07-31,2760.0,2657.6,2353.233333333333,2273.995,79.15499999999975,1950.0,2860.0,0.36094674556213024
2024-08-01,2741.0,2664.94,2357.9066666666668,2277.45,78.40999999999985,1950.0,2860.0,0.3555885262116716
2024-08-02,2641.0,2668.12,2361.86,2280.415,77.15499999999975,1950.0,2860.0,0.2984267453294003
2024-08-05,2402.0,2666.42,2364.173333333333,2282.25,74.76000000000022,1950.0,2860.0,0.18325123152709355
2024-08-06,2570.0,2668.64,2367.6133333333332,2284.895,73.38999999999987,1950.0,2860.0,0.23202301054650043
2024-08-07,2505.0,2670.14,2370.6466666666665,2287.225,71.54500000000007,1950.0,2860.0,0.20548604427333972
2024-08-08,2489.0,2672.42,2373.5666666666666,2289.47,69.77999999999975,1950.0,2860.0,0.20067534973468404
2024-08-09,2500.0,2675.8,2376.5,2291.645,67.84000000000015,1950.0,2860.0,0.20307988450433112
2024-08-13,2545.0,2679.48,2379.6666666666665,2294.015,66.17000000000007,1950.0,2860.0,0.22532498796340872
2024-08-14,2566.0,2682.02,2382.7733333333335,2296.615,64.73999999999978,1950.0,2860.0,0.23722275795564118
2024-08-15,2632.0,2685.84,2386.32,2299.615,63.659999999999854,1950.0,2860.0,0.268433734939759
2024-08-16,2655.0,2691.14,2390.0133333333333,2302.735,62.79500000000007,1950.0,2860.0,0.27338129496402885
2024-08-19,2652.0,2696.46,2393.673333333333,2305.76,61.83000000000038,1950.0,2860.0,0.2664756446991403
2024-08-20,2588.0,2700.2,2396.8866666666668,2308.53,60.66500000000042,1950.0,2860.0,0.23003802281368824
2024-08-21,2600.0,2703.5,2400.1066666666666,2311.295,59.5,1953.0,2860.0,0.33333333333333326
2024-08-22,2604.0,2706.58,2403.3,2314.11,58.445000000000164,1957.0,2860.0,0.33333333333333326
2024-08-23,2620.0,2709.98,2406.5133333333333,2317.02,57.67000000000007,1957.0,2860.0,0.33469179826795714
2024-08-26,2635.0,2713.92,2409.44,2320.02,56.940000000000055,1957.0,2860.0,0.3321536905965621
2024-08-27,2620.0,2717.26,2412.18,2323.04,56.32499999999982,1957.0,2860.0,0.32256436143361933
2024-08-28,2618.0,2716.62,2414.9133333333334,2326.025,55.60500000000002,1957.0,2860.0,0.3142570281124497
2024-08-29,2585.0,2711.88,2417.346666666667,2328.87,54.875,1957.0,2860.0,0.2957393483709274
2024-08-30,2586.0,2708.26,2419.6666666666665,2331.745,54.29500000000007,1957.0,2860.0,0.31804281345565744
2024-09-02,2583.0,2705.9,2421.9533333333334,2334.655,54.24000000000024,1957.0,2860.0,0.30784810126582274
2024-09-03,2590.0,2704.46,2424.32,2337.525,55.27500000000009,1980.0,2860.0,0.32345426673479816
2024-09-04,2550.0,2701.5,2426.3866666666668,2340.175,55.2800000000002,1980.0,2860.0,0.28787878787878785
2024-09-05,2535.0,2697.6,2428.3333333333335,2342.77,55.54500000000007,1986.0,2860.0,0.2803030303030303
2024-09-06,2535.0,2693.78,2430.233333333333,2345.395,55.92500000000018,1986.0,2860.0,0.27579265223955707
2024-09-09,2556.0,2689.2,2432.266666666667,2348.11,56.465000000000146,1986.0,2860.0,0.2850678733031675
2024-09-10,2550.0,2683.0,2434.266666666667,2350.805,56.789999999999964,2000.0,2860.0,0.28398791540785506
2024-09-11,2543.0,2676.96,2436.22,2353.42,56.80500000000029,2001.0,2860.0,0.2715000000000001
2024-09-12,2554.0,2671.16,2438.24,2356.075,56.460000000000036,2001.0,2860.0,0.2693836978131212
2024-09-13,2554.0,2665.36,2440.28,2358.76,56.02500000000009,2001.0,2860.0,0.2738154613466335
2024-09-17,2569.0,2659.7,2442.3866666666668,2361.505,55.74499999999989,2001.0,2860.0,0.2762046696472926
2024-09-18,2583.0,2654.22,2444.6066666666666,2364.275,55.74499999999989,2001.0,2860.0,0.2889221556886228
2024-09-19,2571.0,2649.22,2446.84,2366.935,55.63999999999987,2001.0,2860.0,0.280378486055777
2024-09-20,2568.0,2643.74,2449.346666666667,2369.575,55.46499999999969,2001.0,2860.0,0.2769766285430135
2024-09-24,2578.0,2639.18,2451.82,2372.205,55.184999999999945,2001.0,2860.0,0.2775024777006938
2024-09-25,2577.0,2634.22,2454.633333333333,2374.83,54.809999999999945,2001.0,2860.0,0.28400597907324365
2024-09-26,2576.0,2629.5,2457.3933333333334,2377.5,54.460000000000036,2001.0,2860.0,0.28542914171656686
2024-09-27,2555.0,2624.38,2459.8333333333335,2380.11,54.085000000000036,2001.0,2860.0,0.27622377622377625
2024-09-30,2557.0,2619.06,2462.14,2382.57,53.70000000000027,2001.0,2860.0,0.2759481037924152
2024-10-01,2561.0,2614.04,2464.4466666666667,2385.13,53.38500000000022,2001.0,2860.0,0.2773067331670822
2024-10-02,2552.0,2608.76,2466.733333333333,2387.62,52.96499999999969,2001.0,2860.0,0.2715495764823119
2024-10-03,2535.0,2603.22,2468.9666666666667,2390.045,52.51999999999998,2001.0,2860.0,0.25806451612903225
2024-10-04,2540.0,2597.78,2471.18,2392.505,52.32999999999993,2001.0,2860.0,0.25867195242814667
2024-10-07,2551.0,2592.96,2473.306666666667,2395.02,52.25,2001.0,2860.0,0.25975308641975303
2024-10-08,2555.0,2588.42,2475.46,2397.56,52.164999999999964,2001.0,2860.0,0.26110562685093774
2024-10-09,2563.0,2584.16,2477.5733333333333,2400.125,52.01499999999987,2001.0,2860.0,0.27006937561942523
2024-10-10,2557.0,2579.76,2479.5666666666666,2402.66,51.85500000000002,2001.0,2860.0,0.25036674816625926
2024-10-11,2558.0,2575.4,2481.54,2405.2,51.779999999999745,2001.0,2860.0,0.26009852216748763
2024-10-15,2630.0,2572.8,2484.0066666666667,2408.125,52.05000000000018,2001.0,2860.0,0.2829268292682927
2024-10-16,2634.0,2570.66,2486.4266666666667,2411.095,52.33499999999958,2001.0,2860.0,0.29434889434889433
2024-10-17,2678.0,2571.4,2488.9933333333333,2414.245,52.73999999999978,2001.0,2860.0,0.3095354523227385
2024-10-18,2674.0,2576.84,2491.56,2417.34,53.065000000000055,2001.0,2860.0,0.3043902439024391
2024-10-21,2677.0,2578.98,2494.0266666666666,2420.455,53.51999999999998,2001.0,2860.0,0.30712890625
2024-10-22,2658.0,2582.04,2496.4733333333334,2423.495,53.92000000000007,2001.0,2860.0,0.30614250614250604
2024-10-23,2611.0,2584.48,2498.5466666666666,2426.295,54.090000000000146,2001.0,2860.0,0.2792748652621264
2024-10-24,2621.0,2586.9,2500.713333333333,2429.1,54.26999999999998,2001.0,2860.0,0.28543403629230024
2024-10-25,2605.0,2588.1,2502.66,2431.775,54.27500000000009,2001.0,2860.0,0.2769607843137254
2024-10-28,2644.0,2589.66,2504.693333333333,2434.495,54.38499999999976,2001.0,2860.0,0.2803874092009686
2024-10-29,2665.0,2590.32,2506.4733333333334,2437.32,54.75,2001.0,2860.0,0.28681796233703527
2024-10-30,2656.0,2590.34,2507.98,2440.095,54.96499999999969,2001.0,2860.0,0.29814271749755616
2024-10-31,2652.0,2590.34,2509.326666666667,2442.84,55.220000000000255,2001.0,2860.0,0.3051181102362204
2024-11-01,2644.0,2591.46,2510.4333333333334,2445.53,55.48500000000013,2001.0,2860.0,0.3018217626784836
2024-11-05,2680.0,2593.06,2511.7,2448.345,55.83999999999969,2001.0,2860.0,0.30923302393746943
2024-11-06,2694.0,2594.86,2514.52,2451.19,56.17000000000007,2001.0,2860.0,0.32448377581120935
2024-11-07,2722.0,2596.9,2517.6666666666665,2454.11,56.55000000000018,2001.0,2860.0,0.32975085490962375
2024-11-08,2744.0,2599.08,2521.16,2456.85,56.72499999999991,2001.0,2860.0,0.3444390004899558
2024-11-11,2619.0,2599.06,2523.76,2458.9,56.24000000000024,2001.0,2860.0,0.28508341511285584
2024-11-12,2615.0,2599.0,2526.3933333333334,2460.935,55.73500000000013,2001.0,2860.0,0.2850122850122849
2024-11-13,2618.0,2599.66,2529.06,2462.925,54.80000000000018,2001.0,2860.0,0.29861111111111116
2024-11-14,2594.0,2599.82,2531.6866666666665,2464.705,53.61000000000013,2001.0,2860.0,0.2835230084116773
2024-11-15,2603.0,2600.22,2534.3733333333334,2466.52,52.27500000000009,2001.0,2860.0,0.2911706349206349
2024-11-18,2588.0,2600.18,2537.1866666666665,2468.285,50.94499999999971,2001.0,2860.0,0.286921929388364
2024-11-19,2576.0,2600.7,2540.1266666666666,2469.965,49.51000000000022,2010.0,2860.0,0.28735632183908044
2024-11-20,2560.0,2601.2,2543.0866666666666,2471.55,48.05500000000029,2010.0,2860.0,0.26984126984126977
2024-11-21,2567.0,2601.84,2546.133333333333,2473.135,46.840000000000146,2010.0,2860.0,0.2707920792079208
2024-11-22,2597.0,2602.66,2549.46,2474.865,45.76499999999987,2010.0,2860.0,0.2881944444444444
2024-11-25,2585.0,2603.36,2552.733333333333,2476.54,44.76499999999987,2011.0,2860.0,0.2860696517412935
2024-11-26,2572.0,2603.94,2555.9733333333334,2478.15,43.6550000000002,2011.0,2860.0,0.2776949826130155
2024-11-27,2555.0,2603.96,2559.18,2479.67,42.34999999999991,2017.0,2860.0,0.2705121829935355
2024-11-28,2540.0,2603.68,2562.3,2481.13,41.03500000000031,2017.0,2860.0,0.25742574257425743
2024-11-29,2559.0,2603.48,2565.4066666666668,2482.66,39.81999999999971,2017.0,2860.0,0.26495304003954523
2024-12-02,2589.0,2603.6,2568.7533333333336,2484.355,38.82499999999982,2020.0,2860.0,0.2835894893406048
2024-12-03,2556.0,2603.3,2571.7933333333335,2485.955,37.61000000000013,2029.0,2860.0,0.26534653465346536
2024-12-04,2547.0,2602.88,2574.5333333333333,2487.73,36.539999999999964,2033.0,2860.0,0.2552981764415969
2024-12-05,2550.0,2602.32,2577.5266666666666,2489.445,35.335000000000036,2033.0,2860.0,0.2506130456105935
2024-12-06,2552.0,2601.82,2580.32,2491.43,34.57999999999993,2033.0,2860.0,0.25098039215686274
2024-12-09,2552.0,2601.34,2583.1666666666665,2493.38,34.48000000000002,2033.0,2860.0,0.24366471734892792
2024-12-10,2569.0,2601.62,2586.1133333333332,2495.28,34.345000000000255,2033.0,2860.0,0.2519493177387915
2024-12-11,2578.0,2602.04,2589.266666666667,2497.115,34.1899999999996,2033.0,2860.0,0.26248775710088146
2024-12-12,2587.0,2602.56,2592.58,2498.975,34.26999999999998,2040.0,2860.0,0.2725036891293655
2024-12-13,2595.0,2603.42,2596.0266666666666,2500.905,34.38500000000022,2040.0,2860.0,0.2566585956416465
2024-12-16,2597.0,2604.66,2599.52,2502.89,34.60500000000002,2040.0,2860.0,0.2674475353831136
2024-12-17,2603.0,2605.92,2602.9466666666667,2504.865,34.899999999999636,2040.0,2860.0,0.26728334956183053
2024-12-18,2607.0,2607.04,2604.96,2506.74,35.1899999999996,2040.0,2860.0,0.27170731707317075
2024-12-19,2621.0,2608.36,2606.72,2508.685,35.54999999999973,2040.0,2860.0,0.27978515625
2024-12-20,2641.0,2609.92,2608.84,2510.66,35.79500000000007,2040.0,2860.0,0.28955078125
2024-12-23,2683.0,2612.44,2611.12,2512.785,36.24499999999989,2040.0,2860.0,0.31069858329262345
2024-12-24,2688.0,2615.04,2613.4133333333334,2514.915,36.76499999999987,2040.0,2860.0,0.311219512195122
2024-12-25,2682.0,2616.08,2615.4933333333333,2517.025,37.35500000000002,2040.0,2860.0,0.3082926829268293
2024-12-26,2684.0,2617.08,2617.56,2519.09,37.960000000000036,2040.0,2860.0,0.3092682926829269
2024-12-27,2699.0,2617.5,2619.0066666666667,2521.12,38.460000000000036,2040.0,2860.0,0.319804400977995
2024-12-30,2709.0,2618.2,2620.4866666666667,2523.22,38.86499999999978,2048.0,2860.0,0.3279411764705882
2025-01-06,2727.0,2619.2,2622.2733333333335,2525.32,39.36500000000024,2050.0,2860.0,0.33154296875
2025-01-07,2722.0,2620.48,2624.22,2527.475,39.74499999999989,2050.0,2860.0,0.324574209245742
2025-01-08,2742.0,2623.1,2626.6666666666665,2529.685,40.23999999999978,2050.0,2860.0,0.3349561830574488
2025-01-09,2767.0,2626.02,2629.5733333333333,2532.04,40.61000000000013,2051.0,2860.0,0.3497560975609757
2025-01-10,2754.0,2629.0,2632.193333333333,2534.245,40.86499999999978,2060.0,2860.0,0.34275962944904914
2025-01-14,2754.0,2631.2,2634.2933333333335,2536.32,41.039999999999964,2070.0,2860.0,0.3368932038834951
2025-01-15,2736.0,2632.62,2636.26,2538.01,40.89500000000044,2072.0,2860.0,0.3217391304347825
2025-01-16,2720.0,2633.9,2638.46,2539.46,40.48500000000013,2072.0,2860.0,0.2952380952380953
2025-01-17,2716.0,2635.18,2640.66,2540.79,39.88499999999976,2072.0,2860.0,0.2933333333333332
2025-01-20,2709.0,2636.48,2642.713333333333,2541.945,39.05500000000029,2072.0,2860.0,0.2893860066634937
2025-01-21,2728.0,2637.44,2644.6666666666665,2543.135,38.27000000000044,2072.0,2860.0,0.29719448407037574
2025-01-22,2740.0,2638.36,2646.6,2545.48,38.74000000000024,2072.0,2860.0,0.3010446343779678
2025-01-23,2753.0,2638.98,2648.62,2547.995,39.309999999999945,2072.0,2860.0,0.30042512990080295
2025-01-24,2784.0,2639.78,2650.9266666666667,2550.815,40.1550000000002,2072.0,2860.0,0.3101176470588236
2025-01-27,2786.0,2643.12,2653.1466666666665,2553.6,40.815000000000055,2072.0,2860.0,0.30308699719363896
2025-01-28,2789.0,2646.6,2654.0733333333333,2556.445,41.5300000000002,2072.0,2860.0,0.27003642987249554
2025-01-29,2813.0,2650.5,2654.0133333333333,2559.42,42.39499999999998,2072.0,2860.0,0.27342688999547304
2025-01-30,2812.0,2654.86,2654.3133333333335,2562.48,43.38999999999987,2072.0,2860.0,0.27355072463768115
2025-01-31,2808.0,2658.96,2655.0266666666666,2565.52,44.40000000000009,2072.0,2860.0,0.2648648648648648
2025-02-03,2807.0,2663.34,2655.9933333333333,2568.725,45.50500000000011,2072.0,2860.0,0.25424486148346737
2025-02-04,2812.0,2668.06,2656.7533333333336,2572.11,46.789999999999964,2072.0,2860.0,0.25535714285714284
2025-02-05,2805.0,2672.96,2657.2533333333336,2575.555,48.07999999999993,2072.0,2860.0,0.25503355704697994
2025-02-06,2804.0,2677.7,2657.7733333333335,2579.025,49.340000000000146,2072.0,2860.0,0.2517857142857143
2025-02-07,2811.0,2681.98,2657.9466666666667,2582.59,50.55000000000018,2072.0,2860.0,0.25323227819884075
2025-02-10,2813.0,2686.54,2657.633333333333,2586.185,51.940000000000055,2072.0,2860.0,0.2502222222222221
2025-02-12,2540.0,2685.9,2655.6,2588.455,52.13499999999976,2072.0,2860.0,0.1283873833851621
2025-02-13,2541.0,2685.62,2653.58,2590.79,52.779999999999745,2072.0,2860.0,0.1293333333333333
2025-02-14,2476.0,2684.34,2651.1266666666666,2592.81,53.34999999999991,2072.0,2860.0,0.10044444444444434
2025-02-17,2509.0,2683.34,2648.84,2594.89,54.09999999999991,2072.0,2860.0,0.1146157263438472
2025-02-18,2495.0,2681.46,2646.4266666666667,2596.93,54.98499999999967,2072.0,2860.0,0.10987544483985756
2025-02-19,2492.0,2680.18,2644.233333333333,2598.89,55.754999999999654,2072.0,2860.0,0.10608078118064812
2025-02-20,2440.0,2678.04,2641.5533333333333,2600.41,54.929999999999836,2072.0,2860.0,0.08444444444444454
2025-02-21,2444.0,2675.92,2639.14,2602.125,54.13000000000011,2072.0,2860.0,0.09302325581395343
2025-02-25,2465.0,2674.18,2636.74,2603.785,52.9699999999998,2072.0,2860.0,0.12454379562043805
2025-02-26,2431.0,2671.76,2634.2,2605.315,51.715000000000146,2072.0,2860.0,0.101495242410512
2025-02-27,2459.0,2669.56,2631.8533333333335,2606.975,50.529999999999745,2072.0,2860.0,0.14106728538283053
2025-02-28,2472.0,2667.44,2629.5133333333333,2608.81,49.38999999999987,2072.0,2860.0,0.14338575393154485
2025-03-03,2495.0,2665.6,2627.4,2610.835,48.35500000000002,2072.0,2860.0,0.1397898583828232
2025-03-04,2499.0,2663.68,2625.286666666667,2612.94,47.42000000000007,2072.0,2860.0,0.13025780189959302
2025-03-05,2492.0,2661.58,2623.153333333333,2615.035,46.309999999999945,2072.0,2860.0,0.12505643340857797
2025-03-06,2499.0,2659.5,2621.0666666666666,2617.085,44.97499999999991,2072.0,2860.0,0.13128112267994574
2025-03-07,2517.0,2657.7,2619.233333333333,2618.145,42.590000000000146,2072.0,2860.0,0.14409090909090905
2025-03-10,2530.0,2655.88,2617.5533333333333,2619.01,39.98500000000013,2072.0,2860.0,0.14583333333333326
2025-03-11,2510.0,2653.26,2615.78,2619.945,37.35500000000002,2072.0,2860.0,0.12455197132616491
2025-03-12,2510.0,2649.8,2614.0,2620.79,34.60500000000002,2072.0,2860.0,0.12455197132616491
2025-03-13,2501.0,2646.06,2612.1666666666665,2621.575,33.11999999999989,2072.0,2860.0,0.11353517364203025
2025-03-14,2496.0,2642.34,2610.4066666666668,2622.205,31.414999999999964,2072.0,2860.0,0.10540301151461473
2025-03-17,2490.0,2638.46,2608.733333333333,2622.785,29.97499999999991,2072.0,2860.0,0.10079575596816981
2025-03-18,2531.0,2635.1,2608.0,2623.03,28.140000000000327,2072.0,2860.0,0.11991150442477871
2025-03-19,2581.0,2632.54,2609.193333333333,2623.5,26.570000000000164,2072.0,2860.0,0.1365037428445619
2025-03-21,2602.0,2630.04,2609.4066666666668,2624.215,25.325000000000273,2072.0,2860.0,0.13475795900566934
2025-03-24,2621.0,2628.02,2610.18,2625.17,24.76000000000022,2072.0,2860.0,0.14504150283966788
2025-03-25,2590.0,2624.98,2610.8533333333335,2626.245,24.11999999999989,2072.0,2860.0,0.12267013437364538
2025-03-26,2600.0,2621.64,2611.52,2627.59,23.80500000000029,2072.0,2860.0,0.13487560017459632
2025-03-27,2605.0,2618.66,2611.92,2628.81,23.49499999999989,2072.0,2860.0,0.13260869565217392
2025-03-28,2468.0,2612.94,2611.266666666667,2628.955,21.980000000000018,2072.0,2860.0,0.07491289198606266
2025-03-31,2430.0,2606.82,2609.92,2628.9,20.090000000000146,2072.0,2860.0,0.05058365758754868
2025-04-01,2407.0,2600.56,2608.266666666667,2628.985,18.15000000000009,2072.0,2860.0,0.029072253099615253
2025-04-02,2419.0,2594.62,2606.713333333333,2629.15,16.210000000000036,2072.0,2860.0,0.008757297748123394
2025-04-03,2331.0,2587.06,2605.0,2628.8,13.765000000000327,2072.0,2860.0,-0.040740740740740744
2025-04-04,2228.0,2577.06,2602.52,2627.765,10.679999999999836,2072.0,2860.0,-0.09061224489795916
2025-04-07,2110.0,2564.46,2599.2266666666665,2626.065,7.920000000000073,2072.0,2860.0,-0.14850686037126715
2025-04-08,2210.0,2553.6,2596.4933333333333,2624.865,5.854999999999563,2072.0,2860.0,-0.1124497991967871
2025-04-09,2166.0,2541.24,2593.366666666667,2623.505,3.5599999999999454,2072.0,2860.0,-0.04623513870541607
2025-04-10,2341.0,2532.34,2591.5066666666667,2622.945,2.1550000000002,2072.0,2860.0,0.040444444444444505
2025-04-11,2311.0,2522.78,2589.46,2621.25,-0.3249999999998181,2072.0,2860.0,0.040990990990990905
2025-04-14,2316.0,2512.84,2587.6666666666665,2618.72,-3.4850000000001273,2072.0,2860.0,0.03903095558546443
2025-04-15,2316.0,2502.92,2585.866666666667,2616.465,-6.319999999999709,2072.0,2860.0,0.043243243243243246
2025-04-16,2282.0,2492.4,2583.86,2614.37,-8.66000000000031,2072.0,2860.0,0.028854824165915227
2025-04-17,2277.0,2481.8,2581.7733333333335,2612.445,-11.054999999999836,2072.0,2860.0,0.03499999999999992
2025-04-18,2301.0,2471.58,2580.1133333333332,2610.46,-13.75500000000011,2072.0,2860.0,0.0459090909090909
2025-04-21,2280.0,2461.08,2578.4133333333334,2608.21,-16.960000000000036,2072.0,2860.0,0.05263157894736836
2025-04-22,2301.0,2451.02,2576.8533333333335,2606.085,-20.159999999999854,2072.0,2860.0,0.07775175644028098
2025-04-23,2300.0,2440.8,2575.1466666666665,2603.66,-23.93000000000029,2072.0,2860.0,0.08695652173913038
2025-04-24,2338.0,2431.3,2573.733333333333,2601.05,-27.759999999999764,2072.0,2860.0,0.1080568720379147
2025-04-25,2310.0,2426.7,2572.18,2598.375,-30.579999999999927,2072.0,2860.0,0.10104861773117246
2025-04-28,2328.0,2422.44,2570.673333333333,2595.795,-33.10500000000002,2072.0,2860.0,0.11174785100286533
2025-04-30,2320.0,2419.32,2569.1133333333332,2593.175,-35.809999999999945,2072.0,2860.0,0.11217641418983693
2025-05-01,2345.0,2416.04,2567.62,2590.64,-38.51000000000022,2072.0,2860.0,0.13066538090646085
2025-05-02,2316.0,2412.46,2565.84,2587.935,-40.86500000000024,2073.0,2860.0,0.11776061776061786
2025-05-07,2301.0,2408.64,2564.04,2585.335,-42.429999999999836,2073.0,2860.0,0.0993788819875776
2025-05-08,2305.0,2405.94,2562.286666666667,2582.65,-43.414999999999964,2073.0,2860.0,0.1044561571633924
2025-05-09,2355.0,2404.16,2560.8,2580.395,-44.4699999999998,2073.0,2860.0,0.12142857142857144
2025-05-12,2555.0,2405.96,2560.653333333333,2579.045,-44.460000000000036,2073.0,2860.0,0.19616104868913853
2025-05-13,2456.0,2406.46,2559.8533333333335,2577.265,-45.68000000000029,2073.0,2860.0,0.16896715849595423
2025-05-14,2409.0,2405.46,2558.88,2575.255,-45.99499999999989,2073.0,2860.0,0.12939521800281284
2025-05-15,2406.0,2404.14,2557.8733333333334,2573.17,-45.54999999999973,2073.0,2860.0,0.132235294117647
2025-05-16,2464.0,2403.52,2557.2266666666665,2571.43,-45.03500000000031,2073.0,2860.0,0.15843911612599904
2025-05-19,2444.0,2402.42,2556.5066666666667,2569.57,-44.79999999999973,2073.0,2860.0,0.16104513064133008
2025-05-20,2438.0,2401.34,2555.86,2567.7,-44.745000000000346,2073.0,2860.0,0.16650717703349271
2025-05-21,2422.0,2399.8,2555.0733333333333,2565.75,-44.710000000000036,2073.0,2860.0,0.16554379210779602
2025-05-22,2425.0,2397.96,2554.233333333333,2563.915,-44.29500000000007,2089.0,2860.0,0.16980221900627113
2025-05-23,2401.0,2395.38,2553.2066666666665,2562.01,-44.07499999999982,2110.0,2860.0,0.14935375777884152
2025-05-26,2417.0,2393.52,2552.233333333333,2560.215,-43.44499999999971,2110.0,2860.0,0.048590021691973906
2025-05-27,2404.0,2391.4,2551.213333333333,2558.35,-42.70000000000027,2110.0,2860.0,0.01994060246075513
2025-05-28,2411.0,2389.6,2550.233333333333,2556.525,-41.84999999999991,2110.0,2860.0,0.03788204907447268
2025-05-29,2405.0,2387.78,2548.733333333333,2554.75,-41.04500000000007,2110.0,2860.0,0.02733874412644166
2025-05-30,2440.0,2386.78,2547.44,2553.245,-39.93000000000029,2110.0,2860.0,0.04095563139931735
2025-06-02,2449.0,2385.14,2545.9133333333334,2552.285,-38.35500000000002,2110.0,2860.0,0.03333333333333344
2025-06-03,2474.0,2383.0,2544.58,2552.645,-35.289999999999964,2110.0,2860.0,0.04212299915754003
2025-06-04,2467.0,2380.3,2543.18,2552.13,-33.20499999999993,2110.0,2860.0,-0.006043513295729275
2025-06-05,2460.0,2377.08,2541.86,2551.905,-30.74499999999989,2110.0,2860.0,-0.010856453558504175
2025-06-06,2470.0,2374.68,2540.92,2551.81,-28.585000000000036,2110.0,2860.0,0.004473363155754306
2025-06-09,2457.0,2371.82,2539.826666666667,2551.595,-27.450000000000273,2110.0,2860.0,0.011111111111111072
2025-06-10,2464.0,2369.0,2538.8866666666668,2551.19,-26.074999999999818,2110.0,2860.0,0.037473684210526326
2025-06-11,2456.0,2368.76,2537.633333333333,2550.64,-24.615000000000236,2110.0,2860.0,0.05362505362505354
2025-06-12,2445.0,2369.06,2536.1666666666665,2549.705,-23.465000000000146,2110.0,2860.0,0.03557814485387545
2025-06-13,2451.0,2369.94,2534.8,2548.685,-22.74499999999989,2110.0,2860.0,0.004920049200491938
2025-06-16,2428.0,2370.12,2533.306666666667,2547.565,-22.00500000000011,2110.0,2860.0,-0.005325686194182722
2025-06-17,2413.0,2371.76,2531.766666666667,2546.69,-21.009999999999764,2110.0,2860.0,0.009623430962343082
2025-06-18,2420.0,2375.6,2530.0333333333333,2545.79,-19.960000000000036,2110.0,2860.0,0.014249790444258226
2025-06-19,2385.0,2381.1,2527.9733333333334,2544.695,-19.2199999999998,2110.0,2860.0,-0.006663890045814247
2025-06-20,2393.0,2384.76,2525.78,2543.56,-18.450000000000273,2110.0,2860.0,-0.017248459958932205
2025-06-23,2404.0,2389.52,2523.5133333333333,2542.405,-17.809999999999945,2110.0,2860.0,-0.018775510204081636
2025-06-24,2401.0,2390.72,2522.06,2541.31,-17.039999999999964,2110.0,2860.0,-0.020000000000000018
2025-06-25,2392.0,2392.34,2520.5733333333333,2540.18,-16.345000000000255,2110.0,2860.0,-0.018867924528301883
2025-06-26,2395.0,2393.92,2519.0866666666666,2539.23,-15.519999999999982,2110.0,2860.0,-0.023644516918059466
2025-06-27,2400.0,2395.6,2517.7933333333335,2538.3,-14.944999999999709,2110.0,2860.0,-0.09433962264150941
2025-06-30,2415.0,2398.26,2516.54,2537.46,-14.824999999999818,2110.0,2860.0,-0.1442239546420978
2025-07-01,2432.0,2401.36,2515.5,2536.67,-15.974999999999909,2110.0,2860.0,-0.12106975063245395
2025-07-02,2423.0,2403.8,2514.48,2536.035,-16.095000000000255,2110.0,2860.0,-0.1029248426508701
2025-07-03,2418.0,2406.56,2513.5333333333333,2535.45,-16.455000000000382,2110.0,2860.0,-0.09166040570999245
2025-07-04,2420.0,2408.94,2512.5533333333333,2534.875,-16.934999999999945,2110.0,2860.0,-0.10303928836174947
2025-07-07,2420.0,2411.34,2511.3733333333334,2534.195,-17.399999999999636,2110.0,2860.0,-0.1135531135531136
2025-07-08,2420.0,2412.98,2510.2733333333335,2533.545,-17.644999999999982,2110.0,2860.0,-0.11225238444607488
2025-07-09,2410.0,2414.98,2509.193333333333,2532.88,-17.759999999999764,2110.0,2860.0,-0.13464991023339323
2025-07-10,2411.0,2416.64,2508.233333333333,2532.165,-17.539999999999964,2110.0,2857.0,-0.156993006993007
2025-07-11,2416.0,2418.56,2507.4066666666668,2531.475,-17.210000000000036,2110.0,2857.0,-0.15079086115992968
2025-07-14,2406.0,2419.78,2506.3866666666668,2530.66,-16.9050000000002,2110.0,2857.0,-0.1540084388185654
2025-07-15,2401.0,2421.48,2505.133333333333,2529.75,-16.940000000000055,2110.0,2857.0,-0.15576652601969054
2025-07-16,2404.0,2423.54,2504.12,2528.915,-16.875,2110.0,2857.0,-0.1570827489481066
2025-07-17,2406.0,2425.56,2503.18,2528.105,-16.590000000000146,2110.0,2842.0,-0.1578578928946447
2025-07-18,2403.0,2426.52,2502.2,2527.23,-16.329999999999927,2110.0,2842.0,-0.14817440623892242
2025-07-22,2400.0,2423.42,2501.1866666666665,2526.345,-16.0600000000004,2110.0,2825.0,-0.15552427867698804
2025-07-23,2413.0,2422.56,2500.26,2525.53,-15.779999999999745,2110.0,2825.0,-0.14005702066999293
2025-07-24,2415.0,2422.68,2499.233333333333,2524.83,-15.349999999999909,2110.0,2823.0,-0.14513274336283188
2025-07-25,2420.0,2422.96,2498.18,2524.145,-15.085000000000036,2110.0,2823.0,-0.13940256045519206
2025-07-28,2417.0,2422.02,2497.0466666666666,2523.425,-14.875,2110.0,2823.0,-0.14016364283173244
2025-07-29,2416.0,2421.46,2495.8533333333335,2522.745,-14.715000000000146,2110.0,2816.0,-0.14417286574566068
2025-07-30,2422.0,2421.14,2494.6866666666665,2522.18,-14.490000000000236,2110.0,2816.0,-0.13869132290184927
2025-07-31,2430.0,2421.3,2493.5333333333333,2521.63,-14.404999999999745,2110.0,2813.0,-0.13707386363636365
2025-08-01,2446.0,2421.72,2492.46,2521.105,-14.3449999999998,2110.0,2813.0,-0.13015647226173543
2025-08-04,2419.0,2422.08,2491.1133333333332,2520.425,-14.449999999999818,2110.0,2813.0,-0.1397581792318634
2025-08-05,2423.0,2422.2,2489.66,2519.725,-14.470000000000255,2110.0,2813.0,-0.13216332378223494
2025-08-06,2465.0,2423.42,2488.2066666666665,2519.265,-14.2800000000002,2110.0,2813.0,-0.11394680086268871
2025-08-07,2390.0,2423.0,2486.22,2518.425,-14.454999999999927,2110.0,2813.0,-0.1390489913544669
2025-08-08,2387.0,2422.64,2484.2533333333336,2517.21,-14.954999999999927,2110.0,2813.0,-0.14043932301044293
2025-08-12,2375.0,2421.34,2482.193333333333,2515.915,-15.559999999999945,2110.0,2813.0,-0.1444524495677233
2025-08-13,2373.0,2419.82,2480.02,2514.39,-16.269999999999982,2110.0,2813.0,-0.14021739130434785
2025-08-14,2382.0,2417.98,2477.84,2512.93,-16.820000000000164,2110.0,2813.0,-0.13097409704487417
2025-08-15,2384.0,2416.32,2475.5533333333333,2511.465,-17.449999999999818,2110.0,2813.0,-0.09731162438470276
2025-08-18,2391.0,2414.94,2473.346666666667,2510.13,-17.97499999999991,2110.0,2813.0,-0.004579517069109085
2025-08-19,2396.0,2413.46,2471.04,2509.055,-18.175000000000182,2110.0,2813.0,-0.067704280155642
2025-08-20,2389.0,2412.1,2468.52,2507.895,-18.449999999999818,2110.0,2813.0,-0.04630738522954092
2025-08-21,2398.0,2410.78,2466.1466666666665,2506.86,-18.670000000000073,2110.0,2813.0,-0.036560867818400955
2025-08-22,2417.0,2410.0,2463.9,2505.725,-19.105000000000018,2110.0,2813.0,-0.03320000000000001
2025-08-25,2406.0,2409.22,2461.7,2504.43,-19.715000000000146,2110.0,2813.0,-0.054616895874263216
2025-08-26,2408.0,2408.36,2459.62,2503.19,-20.235000000000127,2110.0,2813.0,-0.061574434918160614
2025-08-27,2400.0,2407.8,2457.5133333333333,2501.93,-20.815000000000055,2110.0,2813.0,-0.08814589665653494
2025-08-28,2406.0,2407.66,2455.4933333333333,2500.74,-21.440000000000055,2110.0,2813.0,-0.09378531073446328
2025-08-29,2392.0,2407.1,2453.2533333333336,2499.3,-22.329999999999927,2110.0,2813.0,-0.0980392156862745
2025-09-01,2404.0,2407.48,2451.0133333333333,2497.85,-23.25500000000011,2110.0,2813.0,-0.07109737248840808
2025-09-02,2403.0,2407.68,2448.68,2496.255,-24.170000000000073,2110.0,2813.0,-0.07576923076923081
2025-09-03,2402.0,2407.64,2446.133333333333,2494.545,-25.179999999999836,2110.0,2813.0,-0.07757296466973884
2025-09-04,2402.0,2407.66,2443.5733333333333,2493.46,-25.804999999999836,2110.0,2813.0,-0.083206106870229
2025-09-05,2402.0,2407.86,2440.9933333333333,2492.395,-26.0300000000002,2110.0,2813.0,-0.08842504743833013
2025-09-08,2401.0,2407.98,2438.2466666666664,2491.31,-25.90000000000009,2110.0,2813.0,-0.083587786259542
2025-09-09,2400.0,2407.98,2435.5,2490.34,-25.574999999999818,2110.0,2813.0,-0.08326967150496567
2025-09-10,2404.0,2407.76,2432.806666666667,2489.345,-25.045000000000073,2110.0,2813.0,-0.07001934235976792
2025-09-11,2397.0,2407.06,2430.0733333333333,2488.39,-24.539999999999964,2110.0,2813.0,-0.07308584686774944
2025-09-12,2386.0,2406.32,2427.233333333333,2487.44,-24.02500000000009,2110.0,2813.0,-0.07626790553619822
2025-09-16,2395.0,2405.86,2424.5,2486.615,-23.515000000000327,2110.0,2813.0,-0.07528957528957525
2025-09-17,2400.0,2405.46,2421.806666666667,2485.78,-23.274999999999636,2110.0,2813.0,-0.05882352941176472
2025-09-18,2400.0,2405.06,2419.0666666666666,2484.795,-23.09999999999991,2110.0,2813.0,-0.053254437869822535
2025-09-19,2391.0,2404.48,2416.2533333333336,2483.825,-23.03500000000031,2110.0,2813.0,-0.0568047337278107
2025-09-22,2395.0,2404.18,2415.286666666667,2482.94,-22.784999999999854,2110.0,2813.0,-0.06298904538341155
2025-09-24,2404.0,2404.04,2414.3733333333334,2482.185,-22.24499999999989,2110.0,2813.0,-0.05725490196078431
2025-09-25,2407.0,2403.86,2413.9133333333334,2481.52,-21.670000000000073,2110.0,2813.0,-0.05348014156508063
2025-09-26,2417.0,2404.08,2413.3,2480.81,-21.11999999999989,2110.0,2813.0,-0.05364134690681288
2025-09-29,2411.0,2404.28,2412.74,2479.92,-20.81999999999971,2110.0,2813.0,-0.055990602975724335
2025-09-30,2412.0,2404.44,2412.2066666666665,2479.2,-20.100000000000364,2110.0,2813.0,-0.061113273647333544
2025-10-01,2408.0,2404.48,2411.9933333333333,2478.505,-19.3449999999998,2110.0,2813.0,-0.0677506775067751
2025-10-02,2391.0,2404.24,2411.64,2477.71,-18.545000000000073,2110.0,2813.0,-0.07001166861143526
2025-10-03,2391.0,2404.06,2411.1466666666665,2476.905,-17.639999999999873,2110.0,2813.0,-0.0689252336448598
2025-10-06,2398.0,2403.76,2410.9266666666667,2476.135,-17.324999999999818,2110.0,2813.0,-0.06982156710628395
2025-10-07,2396.0,2403.38,2410.5066666666667,2475.27,-17.125,2110.0,2813.0,-0.07023670935195969
2025-10-08,2410.0,2403.18,2410.0933333333332,2474.43,-16.88000000000011,2110.0,2813.0,-0.06444099378881984
2025-10-09,2401.0,2402.86,2409.4666666666667,2473.5,-16.840000000000146,2110.0,2813.0,-0.0602739726027397
2025-10-10,2415.0,2402.84,2408.9066666666668,2472.6,-16.74499999999989,2110.0,2813.0,-0.055533828705514265
2025-10-14,2402.0,2402.44,2408.306666666667,2471.625,-16.764999999999873,2110.0,2813.0,-0.062085122998828624
2025-10-15,2410.0,2402.04,2407.713333333333,2470.66,-16.7800000000002,2110.0,2813.0,-0.05564263322884011
2025-10-16,2402.0,2401.16,2406.9466666666667,2469.635,-16.979999999999563,2110.0,2813.0,-0.052465483234714005
2025-10-17,2406.0,2400.9,2406.12,2468.56,-17.220000000000255,2110.0,2813.0,-0.052755905511810974
2025-10-20,2411.0,2400.66,2405.46,2467.41,-17.38500000000022,2110.0,2813.0,-0.05488043904351236
2025-10-21,2410.0,2399.56,2404.7933333333335,2466.045,-17.779999999999745,2110.0,2813.0,-0.05675146771037187
2025-10-22,2410.0,2399.96,2404.1866666666665,2464.655,-18.284999999999854,2110.0,2813.0,-0.05969566913772917
2025-10-23,2410.0,2400.42,2403.6133333333332,2463.295,-18.889999999999873,2110.0,2813.0,-0.0574892452092296
2025-10-24,2408.0,2401.08,2403.0666666666666,2461.915,-19.605000000000018,2110.0,2813.0,-0.058639562157935865
2025-10-27,2407.0,2401.76,2402.24,2460.455,-20.355000000000018,2110.0,2813.0,-0.08479087452471479
2025-10-28,2414.0,2402.4,2401.1266666666666,2458.98,-20.940000000000055,2110.0,2813.0,-0.08352315869400151
2025-10-29,2406.0,2402.84,2399.82,2457.375,-21.824999999999818,2110.0,2813.0,-0.10156833457804326
2025-10-30,2414.0,2403.3,2398.44,2455.835,-22.670000000000073,2110.0,2813.0,-0.09723261032161556
2025-10-31,2410.0,2403.58,2397.24,2454.175,-23.534999999999854,2110.0,2813.0,-0.09973851326111316
2025-11-04,2404.0,2403.88,2395.9333333333334,2452.36,-24.545000000000073,2110.0,2813.0,-0.09556057185854028
2025-11-05,2407.0,2404.06,2394.6133333333332,2450.625,-25.51000000000022,2110.0,2813.0,-0.07813098429720411
2025-11-06,2400.0,2403.72,2394.16,2448.855,-26.414999999999964,2110.0,2813.0,-0.08431896222815716
2025-11-07,2406.0,2403.72,2394.0,2447.205,-27.22499999999991,2110.0,2813.0,-0.07639155470249526
2025-11-10,2409.0,2403.74,2394.0133333333333,2445.65,-27.84999999999991,2110.0,2813.0,-0.08888048411497729
2025-11-11,2401.0,2403.76,2393.8933333333334,2444.075,-28.52500000000009,2110.0,2813.0,-0.09906191369605999
2025-11-12,2405.0,2403.74,2394.3866666666668,2442.555,-29.070000000000164,2110.0,2813.0,-0.09450301204819278
2025-11-13,2403.0,2403.96,2395.5533333333333,2440.93,-29.730000000000018,2110.0,2813.0,-0.09389140271493213
2025-11-14,2405.0,2403.98,2397.52,2439.255,-30.38000000000011,2110.0,2813.0,-0.09039334341906202
2025-11-17,2406.0,2404.04,2398.826666666667,2437.52,-31.039999999999964,2110.0,2813.0,-0.10223880597014923
2025-11-18,2407.0,2404.14,2400.4333333333334,2435.635,-31.774999999999636,2110.0,2813.0,-0.1065330363771344
2025-11-19,2405.0,2404.2,2400.86,2433.73,-32.315000000000055,2110.0,2813.0,-0.11645848640705359
2025-11-20,2400.0,2404.16,2401.4533333333334,2431.785,-32.870000000000346,2110.0,2813.0,-0.12536443148688048
2025-11-21,2410.0,2404.34,2402.08,2429.77,-33.52500000000009,2110.0,2813.0,-0.07980145093547153
2025-11-25,2402.0,2404.38,2402.653333333333,2427.72,-34.195000000000164,2110.0,2813.0,-0.08145315487571703
2025-11-26,2400.0,2404.3,2403.44,2425.68,-34.77500000000009,2110.0,2813.0,-0.08326967150496567
2025-11-27,2405.0,2404.46,2404.2933333333335,2423.67,-35.309999999999945,2110.0,2813.0,-0.07286044718581342
2025-11-28,2399.0,2404.72,2404.9466666666667,2421.605,-35.76999999999998,2110.0,2813.0,-0.0783711102573953
2025-12-01,2399.0,2404.8,2405.74,2419.575,-36.26000000000022,2110.0,2813.0,-0.07302936630602785
2025-12-02,2400.0,2404.8,2406.4,2417.555,-36.620000000000346,2110.0,2813.0,-0.06832298136645965
2025-12-03,2401.0,2404.82,2407.0733333333333,2415.505,-36.85500000000002,2110.0,2813.0,-0.06210937500000002
2025-12-04,2399.0,2404.98,2407.48,2413.435,-37.190000000000055,2110.0,2813.0,-0.06544604596805614
2025-12-05,2401.0,2405.1,2408.0866666666666,2412.74,-36.11500000000024,2110.0,2813.0,-0.07547169811320753
2025-12-08,2406.0,2405.14,2408.6066666666666,2412.065,-35.13999999999987,2110.0,2813.0,-0.0692456479690522
2025-12-09,2403.0,2405.06,2409.16,2411.7,-33.95000000000027,2110.0,2813.0,-0.06570762052877144
2025-12-10,2402.0,2404.76,2409.54,2411.165,-32.909999999999854,2110.0,2813.0,-0.05988258317025441
2025-12-11,2400.0,2404.54,2410.1,2410.69,-31.86499999999978,2110.0,2813.0,-0.055118110236220486
2025-12-12,2398.0,2404.26,2410.7466666666664,2410.22,-30.710000000000036,2110.0,2813.0,-0.06291520125048844
2025-12-15,2398.0,2404.06,2411.366666666667,2410.01,-29.24499999999989,2110.0,2813.0,-0.07377365778292777
2025-12-16,2398.0,2404.2,2411.653333333333,2409.78,-27.73999999999978,2110.0,2813.0,-0.06181533646322379
2025-12-17,2400.0,2404.38,2410.62,2409.455,-26.18000000000029,2110.0,2813.0,-0.05771495877502941
2025-12-18,2402.0,2404.46,2410.26,2409.31,-24.420000000000073,2110.0,2813.0,-0.05803921568627446
2025-12-19,2400.0,2404.54,2410.2,2409.015,-22.769999999999982,2110.0,2813.0,-0.059561128526645746
2025-12-22,2400.0,2404.34,2410.16,2408.655,-21.11499999999978,2110.0,2813.0,-0.059561128526645746
2025-12-23,2404.0,2404.4,2409.76,2408.2,-19.519999999999982,2110.0,2813.0,-0.06422732580770729
2025-12-24,2404.0,2404.18,2409.4933333333333,2407.725,-17.954999999999927,2110.0,2813.0,-0.06749418153607445
2025-12-25,2400.0,2404.14,2409.24,2407.265,-16.4050000000002,2110.0,2813.0,-0.07228449942017778
2025-12-26,2396.0,2403.86,2409.0666666666666,2406.75,-14.855000000000018,2110.0,2813.0,-0.07668593448940275
2025-12-29,2401.0,2403.84,2408.9066666666668,2406.17,-13.404999999999745,2110.0,2813.0,-0.07547169811320753
2025-12-30,2411.0,2403.94,2408.9733333333334,2405.575,-11.980000000000018,2110.0,2813.0,-0.07376104494813673
2026-01-05,2433.0,2404.38,2409.08,2405.19,-10.315000000000055,2110.0,2813.0,-0.06674338319907935
2026-01-06,2441.0,2405.0,2409.326666666667,2404.845,-8.590000000000146,2110.0,2813.0,-0.0686760778328882
2026-01-07,2443.0,2405.66,2409.54,2404.555,-8.184999999999945,2110.0,2813.0,-0.07497160166603556
2026-01-08,2439.0,2406.24,2409.766666666667,2404.27,-7.795000000000073,2110.0,2813.0,-0.09094297428251952
2026-01-09,2439.0,2406.86,2409.76,2404.015,-7.684999999999945,2110.0,2813.0,-0.0926339285714286
2026-01-13,2449.0,2407.7,2409.76,2403.605,-7.559999999999945,2110.0,2813.0,-0.086875466070097
2026-01-14,2446.0,2408.34,2409.5733333333333,2402.93,-7.760000000000218,2110.0,2813.0,-0.08867362146050672
2026-01-15,2450.0,2409.22,2409.46,2402.17,-8.049999999999727,2110.0,2813.0,-0.0922563912560207
2026-01-16,2455.0,2410.04,2409.4266666666667,2401.34,-8.670000000000073,2110.0,2813.0,-0.09376153562200074
2026-01-19,2470.0,2411.24,2409.4266666666667,2400.74,-9.040000000000418,2110.0,2813.0,-0.09424275760909429
2026-01-20,2457.0,2412.3,2409.4266666666667,2400.025,-9.429999999999836,2110.0,2813.0,-0.09735488611315213
2026-01-21,2462.0,2413.4,2409.4133333333334,2399.31,-10.0,2110.0,2813.0,-0.10211524434719188
2026-01-22,2470.0,2414.8,2409.5066666666667,2399.32,-9.694999999999709,2110.0,2813.0,-0.107336465486086
2026-01-23,2461.0,2415.9,2409.6133333333332,2399.475,-9.180000000000291,2110.0,2813.0,-0.10639070442992016
2026-01-26,2461.0,2416.94,2409.68,2399.745,-8.454999999999927,2110.0,2813.0,-0.10639070442992016
2026-01-27,2456.0,2418.04,2409.866666666667,2399.93,-7.795000000000073,2110.0,2813.0,-0.10233918128654973
2026-01-28,2455.0,2419.04,2410.1466666666665,2400.55,-6.714999999999691,2110.0,2813.0,-0.09742647058823528
2026-01-29,2468.0,2420.34,2410.4666666666667,2401.75,-5.0,2110.0,2813.0,-0.09131075110456555
2026-01-30,2467.0,2421.58,2411.0133333333333,2403.535,-2.6350000000002183,2110.0,2813.0,-0.08933185677371724
2026-02-02,2455.0,2422.56,2411.4266666666667,2404.76,-0.8149999999995998,2110.0,2813.0,-0.10007331378299122
2026-02-03,2460.0,2423.62,2411.8,2406.23,1.0399999999999636,2110.0,2813.0,-0.1021897810218978
